モデル名,
説明,

name=基本事項
地下階数,0
PH階数,0

name=構造計算条件
%【Y:する　N:しない】
%【自重の自動計算】,【Y】(*)//【N】,【梁割増係数】(1),【柱割増係数】(1)
自重の自動計算,Y,1.00,1.00
%【仕上荷重の考慮】,【Y】(*)/【N】
%【仕上S柱】,【重量N/mm2(5e-4)】
%【仕上S梁】,【重量N/mm2(5e-4)】
%【仕上RC梁】,【重量N/mm2(5e-4)】
仕上荷重の考慮,Y
仕上S柱,0.00e+00
仕上S梁,0.00e+00
仕上RC梁,5.00e-04

% ■■■ 応力計算条件 ■■■
%【柱・梁せん断変形の考慮】,【Y】(*)/【N】
柱・梁せん断変形の考慮,Y
%【支点浮き上がりの考慮】,【Y】/【N】(*)
支点浮き上がりの考慮,N
%【床によるS梁剛性の考慮】,【0】考慮しない
%,【1】協力幅による(*)
%,【2】増大率入力,【片側増大率】(1.3),【両側増大率】(1.5)
床によるS梁剛性の考慮,2,1.30,1.50
%【床によるRC梁剛性の考慮】,【0】考慮しない
%,【1】協力幅による(*)
%,【2】増大率入力,【片側増大率】(1.3),【両側増大率】(1.5)
床によるRC梁剛性の考慮,1
%【ブレースの取り付き位置】,【1】 基礎梁の天端位置(*)
%,【2】 基礎梁の梁心位置
ブレースの取り付き位置,2

% ■■■ 断面算定条件 ■■■
%【曲げの設計におけるウェブの考慮（梁中央部）】,【Y】/【N】(*)
曲げの設計におけるウェブの考慮（梁中央部）,N
%【曲げの設計におけるウェブの考慮（梁端部）】,【Y】/【N】(*)
曲げの設計におけるウェブの考慮（梁端部）,N
%【スカラップの考慮】,【Y】(*)/【N】,【スカラップ長】(35)
スカラップの考慮,Y,35
%【横座屈の考慮】,【Y】(*)/【N】
横座屈の考慮,Y
%【柱座屈長さ係数の自動計算】,【Y】(*)/【N】
柱座屈長さ係数の自動計算,Y
%【梁・柱面での断面算定】,【Y】(*)/【N】
梁・柱面での断面算定,Y
%【SN材H形鋼の幅厚比制限値の考慮】,【Y】(*)/【N】
SN材H形鋼の幅厚比制限値の考慮,Y
%事前処理,【Y】(*)/【N】
保有耐力横補剛の事前処理,Y
保有耐力接合（仕口）の事前処理,Y

name=最適化条件
%【iter_set】試行回数,【開始番号】(1),【終了番号】(1)
%,1のとき変数の初期値を用いる
iter_set,1,1
%【do_parallel】 並列計算,【Y】(*)/【N】,
%do_parallel,N,
%【diplay】画面出力,【None】なし,
%,【Iter】詳細表示,
%,【Iter10】簡易表示(試行数10おき)(*),
%display,None,
%display,Iter,

name=制約条件
% 【条件名】,【Y】(*)/【N】,【余裕率α】
許容応力度比,Y,0.05,% ≦1 - α
層間変形角,Y,0.05,% ≦(1-α)/200
梁たわみ,Y,0.00,% ≦(1-α)/300
幅厚比,Y,0.00,% ≦1-α
保有耐力横補剛,Y,0.00,% ≦1-α
保有耐力接合（仕口）,Y,0.00,% ≦1-α
柱梁耐力比,N,0.00,% ≧1.5/(1-α)
梁段差,Y,150
梁段差実寸,N
柱外径上下階,Y,50
梁せい分布平滑化,Y
%【柱部材種別】,【FA】/【FB】(*)/【FC】/【FD】
柱部材種別,FB
%【梁部材種別】,【FA】(*)/【FB】/【FC】/【FD】
梁部材種別,FA

name=材料
%材料名,E,pr,F
%,N/mm2,,N/mm2
BCR295,205000,0.3,295.0
BCP325,205000,0.3,325.0
SN490B,205000,0.3,325.0
Fc21,21682,0.2,21.0

name=断面リスト
%断面リスト名,鉄骨形状,材料名,リストファイル名,コスト係数,コスト定数,フェーズ番号,type
%,,,,(省略可),(省略可),(省略可),(省略可)
LC,□,BCR295,union_Box.csv,195,0,1,BCR
LC,□,BCP325,union_Box.csv,245,0,1,BCP
LG,H,SN490B,union_H_SN.csv,150,0,1,細幅
LG,H,SN490B,union_H_SN.csv,150,0,1,中幅
LG,H,SN490B,union_H_SN.csv,150,0,1,広幅
LG,H,SN490B,union_H_SN.csv,205,0,1,スーパーハイスレンドH
LG,H,SN490B,union_H_SN.csv,205,0,1,その他

name=S柱断面(仮定)
%階,柱符号,添字,鉄骨断面,
%,,,登録形状X,タイプX
10F,C1,10,□-600x600x19x66.5,BCP
10F,C2,10,□-600x600x22x77,BCP
10F,C3,10,□-600x600x19x66.5,BCP
10F,C4,10,□-600x600x19x66.5,BCP
9F,C1,9,□-600x600x19x66.5,BCP
9F,C2,9,□-600x600x22x77,BCP
9F,C3,9,□-600x600x19x66.5,BCP
9F,C4,9,□-600x600x19x66.5,BCP
8F,C1,8,□-600x600x22x77,BCP
8F,C2,8,□-600x600x22x77,BCP
8F,C3,8,□-600x600x19x66.5,BCP
8F,C4,8,□-600x600x19x66.5,BCP
7F,C1,7,□-600x600x22x77,BCP
7F,C2,7,□-600x600x22x77,BCP
7F,C3,7,□-600x600x22x77,BCP
7F,C4,7,□-600x600x19x66.5,BCP
6F,C1,6,□-600x600x22x77,BCP
6F,C2,6,□-600x600x28x98,BCP
6F,C3,6,□-600x600x22x77,BCP
6F,C4,6,□-600x600x19x66.5,BCP
5F,C1,5,□-600x600x22x77,BCP
5F,C2,5,□-600x600x28x98,BCP
5F,C3,5,□-600x600x22x77,BCP
5F,C4,5,□-600x600x19x66.5,BCP
4F,C1,4,□-600x600x25x87.5,BCP
4F,C2,4,□-600x600x32x112,BCP
4F,C3,4,□-600x600x22x77,BCP
4F,C4,4,□-600x600x22x77,BCP
3F,C1,3,□-600x600x25x87.5,BCP
3F,C2,3,□-600x600x32x112,BCP
3F,C3,3,□-600x600x22x77,BCP
3F,C4,3,□-600x600x22x77,BCP
2F,C1,2,□-600x600x28x98,BCP
2F,C2,2,□-600x600x32x112,BCP
2F,C3,2,□-600x600x25x87.5,BCP
2F,C4,2,□-600x600x22x77,BCP
1F,C1,1,□-600x600x28x98,BCP
1F,C2,1,□-600x600x32x112,BCP
1F,C3,1,□-600x600x25x87.5,BCP
1F,C4,1,□-600x600x22x77,BCP

name=S梁断面(仮定)
%層,梁符号,添字,鉄骨登録形状,,,,,
%,,,左端,タイプ左,中央,タイプ中,右端,タイプ右
RFL,GX1,R,SH-650x250x12x22x13,スーパーハイスレンドH,SH-650x250x12x22x13,スーパーハイスレンドH,SH-650x250x12x22x13,スーパーハイスレンドH
RFL,GX2,R,SH-650x250x12x22x13,スーパーハイスレンドH,SH-650x250x12x22x13,スーパーハイスレンドH,SH-650x250x12x22x13,スーパーハイスレンドH
RFL,GX3,R,SH-650x250x12x22x13,スーパーハイスレンドH,SH-650x250x12x22x13,スーパーハイスレンドH,SH-650x250x12x22x13,スーパーハイスレンドH
RFL,GY1,R,SH-850x350x16x25x18,スーパーハイスレンドH,SH-850x350x16x25x18,スーパーハイスレンドH,SH-850x350x16x25x18,スーパーハイスレンドH
RFL,GY2,R,SH-650x250x12x19x13,スーパーハイスレンドH,SH-650x250x12x19x13,スーパーハイスレンドH,SH-650x250x12x19x13,スーパーハイスレンドH
RFL,GY3,R,SH-650x250x12x19x13,スーパーハイスレンドH,SH-650x250x12x19x13,スーパーハイスレンドH,SH-650x250x12x19x13,スーパーハイスレンドH
10FL,GX1,10,SH-650x250x12x22x13,スーパーハイスレンドH,SH-650x250x12x22x13,スーパーハイスレンドH,SH-650x250x12x22x13,スーパーハイスレンドH
10FL,GX2,10,SH-650x250x12x22x13,スーパーハイスレンドH,SH-650x250x12x22x13,スーパーハイスレンドH,SH-650x250x12x22x13,スーパーハイスレンドH
10FL,GX3,10,SH-650x250x12x22x13,スーパーハイスレンドH,SH-650x250x12x22x13,スーパーハイスレンドH,SH-650x250x12x22x13,スーパーハイスレンドH
10FL,GY1,10,SH-850x350x16x25x18,スーパーハイスレンドH,SH-850x350x16x25x18,スーパーハイスレンドH,SH-850x350x16x25x18,スーパーハイスレンドH
10FL,GY2,10,SH-650x250x12x19x13,スーパーハイスレンドH,SH-650x250x12x19x13,スーパーハイスレンドH,SH-650x250x12x19x13,スーパーハイスレンドH
10FL,GY3,10,SH-650x250x12x19x13,スーパーハイスレンドH,SH-650x250x12x19x13,スーパーハイスレンドH,SH-650x250x12x19x13,スーパーハイスレンドH
9FL,GX1,9,SH-650x250x12x22x13,スーパーハイスレンドH,SH-650x250x12x22x13,スーパーハイスレンドH,SH-650x250x12x22x13,スーパーハイスレンドH
9FL,GX2,9,SH-650x250x12x22x13,スーパーハイスレンドH,SH-650x250x12x22x13,スーパーハイスレンドH,SH-650x250x12x22x13,スーパーハイスレンドH
9FL,GX3,9,SH-650x250x12x22x13,スーパーハイスレンドH,SH-650x250x12x22x13,スーパーハイスレンドH,SH-650x250x12x22x13,スーパーハイスレンドH
9FL,GY1,9,SH-850x350x16x25x18,スーパーハイスレンドH,SH-850x350x16x25x18,スーパーハイスレンドH,SH-850x350x16x25x18,スーパーハイスレンドH
9FL,GY2,9,SH-650x250x12x19x13,スーパーハイスレンドH,SH-650x250x12x19x13,スーパーハイスレンドH,SH-650x250x12x19x13,スーパーハイスレンドH
9FL,GY3,9,SH-650x250x12x19x13,スーパーハイスレンドH,SH-650x250x12x19x13,スーパーハイスレンドH,SH-650x250x12x19x13,スーパーハイスレンドH
8FL,GX1,8,SH-650x250x12x25x13,スーパーハイスレンドH,SH-650x250x12x25x13,スーパーハイスレンドH,SH-650x250x12x25x13,スーパーハイスレンドH
8FL,GX2,8,SH-650x300x12x25x13,スーパーハイスレンドH,SH-650x300x12x25x13,スーパーハイスレンドH,SH-650x300x12x25x13,スーパーハイスレンドH
8FL,GX3,8,SH-650x300x12x22x13,スーパーハイスレンドH,SH-650x300x12x22x13,スーパーハイスレンドH,SH-650x300x12x22x13,スーパーハイスレンドH
8FL,GY1,8,SH-850x350x16x25x18,スーパーハイスレンドH,SH-850x350x16x25x18,スーパーハイスレンドH,SH-850x350x16x25x18,スーパーハイスレンドH
8FL,GY2,8,SH-650x250x12x19x13,スーパーハイスレンドH,SH-650x250x12x19x13,スーパーハイスレンドH,SH-650x250x12x19x13,スーパーハイスレンドH
8FL,GY3,8,SH-650x250x12x22x13,スーパーハイスレンドH,SH-650x250x12x22x13,スーパーハイスレンドH,SH-650x250x12x22x13,スーパーハイスレンドH
7FL,GX1,7,SH-650x250x12x28x13,スーパーハイスレンドH,SH-650x250x12x28x13,スーパーハイスレンドH,SH-650x250x12x28x13,スーパーハイスレンドH
7FL,GX2,7,SH-650x300x12x25x13,スーパーハイスレンドH,SH-650x300x12x25x13,スーパーハイスレンドH,SH-650x300x12x25x13,スーパーハイスレンドH
7FL,GX3,7,SH-650x300x12x22x13,スーパーハイスレンドH,SH-650x300x12x22x13,スーパーハイスレンドH,SH-650x300x12x22x13,スーパーハイスレンドH
7FL,GY1,7,SH-850x350x16x25x18,スーパーハイスレンドH,SH-850x350x16x25x18,スーパーハイスレンドH,SH-850x350x16x25x18,スーパーハイスレンドH
7FL,GY2,7,SH-650x250x12x22x13,スーパーハイスレンドH,SH-650x250x12x22x13,スーパーハイスレンドH,SH-650x250x12x22x13,スーパーハイスレンドH
7FL,GY3,7,SH-650x250x12x22x13,スーパーハイスレンドH,SH-650x250x12x22x13,スーパーハイスレンドH,SH-650x250x12x22x13,スーパーハイスレンドH
6FL,GX1,6,SH-650x300x16x28x13,スーパーハイスレンドH,SH-650x300x16x28x13,スーパーハイスレンドH,SH-650x300x16x28x13,スーパーハイスレンドH
6FL,GX2,6,SH-650x300x12x25x13,スーパーハイスレンドH,SH-650x300x12x25x13,スーパーハイスレンドH,SH-650x300x12x25x13,スーパーハイスレンドH
6FL,GX3,6,SH-650x300x12x25x13,スーパーハイスレンドH,SH-650x300x12x25x13,スーパーハイスレンドH,SH-650x300x12x25x13,スーパーハイスレンドH
6FL,GY1,6,SH-850x350x16x28x18,スーパーハイスレンドH,SH-850x350x16x28x18,スーパーハイスレンドH,SH-850x350x16x28x18,スーパーハイスレンドH
6FL,GY2,6,SH-650x250x12x22x13,スーパーハイスレンドH,SH-650x250x12x22x13,スーパーハイスレンドH,SH-650x250x12x22x13,スーパーハイスレンドH
6FL,GY3,6,SH-650x250x12x25x13,スーパーハイスレンドH,SH-650x250x12x25x13,スーパーハイスレンドH,SH-650x250x12x25x13,スーパーハイスレンドH
5FL,GX1,5,SH-650x300x16x28x13,スーパーハイスレンドH,SH-650x300x16x28x13,スーパーハイスレンドH,SH-650x300x16x28x13,スーパーハイスレンドH
5FL,GX2,5,BH-650x350x12x28,その他,BH-650x350x12x28,その他,BH-650x350x12x28,その他
5FL,GX3,5,SH-650x300x16x28x13,スーパーハイスレンドH,SH-650x300x16x28x13,スーパーハイスレンドH,SH-650x300x16x28x13,スーパーハイスレンドH
5FL,GY1,5,SH-850x350x16x28x18,スーパーハイスレンドH,SH-850x350x16x28x18,スーパーハイスレンドH,SH-850x350x16x28x18,スーパーハイスレンドH
5FL,GY2,5,SH-650x250x12x25x13,スーパーハイスレンドH,SH-650x250x12x25x13,スーパーハイスレンドH,SH-650x250x12x25x13,スーパーハイスレンドH
5FL,GY3,5,SH-650x250x12x25x13,スーパーハイスレンドH,SH-650x250x12x25x13,スーパーハイスレンドH,SH-650x250x12x25x13,スーパーハイスレンドH
4FL,GX1,4,SH-650x300x16x28x13,スーパーハイスレンドH,SH-650x300x16x28x13,スーパーハイスレンドH,SH-650x300x16x28x13,スーパーハイスレンドH
4FL,GX2,4,BH-650x350x12x28,その他,BH-650x350x12x28,その他,BH-650x350x12x28,その他
4FL,GX3,4,SH-650x300x16x28x13,スーパーハイスレンドH,SH-650x300x16x28x13,スーパーハイスレンドH,SH-650x300x16x28x13,スーパーハイスレンドH
4FL,GY1,4,SH-850x350x16x28x18,スーパーハイスレンドH,SH-850x350x16x28x18,スーパーハイスレンドH,SH-850x350x16x28x18,スーパーハイスレンドH
4FL,GY2,4,SH-650x250x12x28x13,スーパーハイスレンドH,SH-650x250x12x28x13,スーパーハイスレンドH,SH-650x250x12x28x13,スーパーハイスレンドH
4FL,GY3,4,SH-650x250x12x28x13,スーパーハイスレンドH,SH-650x250x12x28x13,スーパーハイスレンドH,SH-650x250x12x28x13,スーパーハイスレンドH
3FL,GX1,3,SH-650x300x16x28x13,スーパーハイスレンドH,SH-650x300x16x28x13,スーパーハイスレンドH,SH-650x300x16x28x13,スーパーハイスレンドH
3FL,GX2,3,BH-650x350x12x28,その他,BH-650x350x12x28,その他,BH-650x350x12x28,その他
3FL,GX3,3,SH-650x300x16x28x13,スーパーハイスレンドH,SH-650x300x16x28x13,スーパーハイスレンドH,SH-650x300x16x28x13,スーパーハイスレンドH
3FL,GY1,3,SH-850x350x16x28x18,スーパーハイスレンドH,SH-850x350x16x28x18,スーパーハイスレンドH,SH-850x350x16x28x18,スーパーハイスレンドH
3FL,GY2,3,SH-650x250x12x28x13,スーパーハイスレンドH,SH-650x250x12x28x13,スーパーハイスレンドH,SH-650x250x12x28x13,スーパーハイスレンドH
3FL,GY3,3,SH-650x250x12x28x13,スーパーハイスレンドH,SH-650x250x12x28x13,スーパーハイスレンドH,SH-650x250x12x28x13,スーパーハイスレンドH
2FL,GX1,2,SH-650x300x16x28x13,スーパーハイスレンドH,SH-650x300x16x28x13,スーパーハイスレンドH,SH-650x300x16x28x13,スーパーハイスレンドH
2FL,GX2,2,BH-650x350x12x28,その他,BH-650x350x12x28,その他,BH-650x350x12x28,その他
2FL,GX3,2,SH-650x300x16x28x13,スーパーハイスレンドH,SH-650x300x16x28x13,スーパーハイスレンドH,SH-650x300x16x28x13,スーパーハイスレンドH
2FL,GY1,2,SH-850x350x16x28x18,スーパーハイスレンドH,SH-850x350x16x28x18,スーパーハイスレンドH,SH-850x350x16x28x18,スーパーハイスレンドH
2FL,GY2,2,SH-650x250x12x28x13,スーパーハイスレンドH,SH-650x250x12x28x13,スーパーハイスレンドH,SH-650x250x12x28x13,スーパーハイスレンドH
2FL,GY3,2,SH-650x250x12x28x13,スーパーハイスレンドH,SH-650x250x12x28x13,スーパーハイスレンドH,SH-650x250x12x28x13,スーパーハイスレンドH

name=軸X
%軸名,座標順序
X1,1
X2,2
X3,3
X4,4
X5,5
X6,6

name=軸Y
%軸名,座標順序
Y1,1
YA1,2
Y2,3
Y3,4

name=層
%層名,座標順序,剛床(T/F),重心X座標,重心Y座標
%,,,mm,mm
RFL,11,T,17093,10043
10FL,10,T,15823,9117
9FL,9,T,15823,9108
8FL,8,T,15824,9113
7FL,7,T,15825,9132
6FL,6,T,15825,9136
5FL,5,T,15826,9139
4FL,4,T,15826,9137
3FL,3,T,15827,9138
2FL,2,T,15829,9145
1FL,1,T,16000,9986

name=スパンX方向
%軸,基準スパン長,構造スパン長
%,mm,mm
X1,6400,6400
X2,6400,6400
X3,6400,6400
X4,6400,6400
X5,6400,6400

name=スパンY方向
%軸,基準スパン長,構造スパン長
%,mm,mm
Y1,6400,6400
YA1,6400,6400
Y2,5800,5800

name=階
%階,層,基準階高,構造階高
10F,RFL,3950,3950
9F,10FL,3950,3950
8F,9FL,3950,3950
7F,8FL,3950,3950
6F,7FL,3950,3950
5F,6FL,3950,3950
4F,5FL,3950,3950
3F,4FL,3950,3950
2F,3FL,3950,3950
1F,2FL,4960,4621

name=支点
%層,X軸,Y軸,固定(T/F),,,,,
%,,,水平X,水平Y,水平Z,回転X,回転Y,回転Z
1FL,X1,Y1,T,T,T,T,T,T
1FL,X2,Y1,T,T,T,T,T,T
1FL,X3,Y1,T,T,T,T,T,T
1FL,X4,Y1,T,T,T,T,T,T
1FL,X5,Y1,T,T,T,T,T,T
1FL,X6,Y1,T,T,T,T,T,T
1FL,X1,YA1,T,T,T,T,T,T
1FL,X6,YA1,T,T,T,T,T,T
1FL,X1,Y2,T,T,T,T,T,T
1FL,X2,Y2,T,T,T,T,T,T
1FL,X3,Y2,T,T,T,T,T,T
1FL,X4,Y2,T,T,T,T,T,T
1FL,X5,Y2,T,T,T,T,T,T
1FL,X6,Y2,T,T,T,T,T,T
1FL,X1,Y3,T,T,T,T,T,T
1FL,X2,Y3,T,T,T,T,T,T
1FL,X3,Y3,T,T,T,T,T,T
1FL,X4,Y3,T,T,T,T,T,T
1FL,X5,Y3,T,T,T,T,T,T
1FL,X6,Y3,T,T,T,T,T,T


name=S梁断面
%層,符号,添字,断面リスト名,変数名,,,,部材種別(省略可)
%,,,,H,B,tw,tf,【FA】/【FB】/【FC】/【FD】
RFL,GX1,R,LG,HRFL,B1,tw1,tf1,
RFL,GX2,R,LG,HRFL,B2,tw2,tf2,
RFL,GX3,R,LG,HRFL,B3,tw3,tf3,
RFL,GY1,R,LG,HRFL,B4,tw4,tf4,
RFL,GY2,R,LG,HRFL,B5,tw5,tf5,
RFL,GY3,R,LG,HRFL,B6,tw6,tf6,
10FL,GX1,10,LG,H10FL,B7,tw7,tf7,
10FL,GX2,10,LG,H10FL,B8,tw8,tf8,
10FL,GX3,10,LG,H10FL,B9,tw9,tf9,
10FL,GY1,10,LG,H10FL,B10,tw10,tf10,
10FL,GY2,10,LG,H10FL,B11,tw11,tf11,
10FL,GY3,10,LG,H10FL,B12,tw12,tf12,
9FL,GX1,9,LG,H9FL,B13,tw13,tf13,
9FL,GX2,9,LG,H9FL,B14,tw14,tf14,
9FL,GX3,9,LG,H9FL,B15,tw15,tf15,
9FL,GY1,9,LG,H9FL,B16,tw16,tf16,
9FL,GY2,9,LG,H9FL,B17,tw17,tf17,
9FL,GY3,9,LG,H9FL,B18,tw18,tf18,
8FL,GX1,8,LG,H8FL,B19,tw19,tf19,
8FL,GX2,8,LG,H8FL,B20,tw20,tf20,
8FL,GX3,8,LG,H8FL,B21,tw21,tf21,
8FL,GY1,8,LG,H8FL,B22,tw22,tf22,
8FL,GY2,8,LG,H8FL,B23,tw23,tf23,
8FL,GY3,8,LG,H8FL,B24,tw24,tf24,
7FL,GX1,7,LG,H7FL,B25,tw25,tf25,
7FL,GX2,7,LG,H7FL,B26,tw26,tf26,
7FL,GX3,7,LG,H7FL,B27,tw27,tf27,
7FL,GY1,7,LG,H7FL,B28,tw28,tf28,
7FL,GY2,7,LG,H7FL,B29,tw29,tf29,
7FL,GY3,7,LG,H7FL,B30,tw30,tf30,
6FL,GX1,6,LG,H6FL,B31,tw31,tf31,
6FL,GX2,6,LG,H6FL,B32,tw32,tf32,
6FL,GX3,6,LG,H6FL,B33,tw33,tf33,
6FL,GY1,6,LG,H6FL,B34,tw34,tf34,
6FL,GY2,6,LG,H6FL,B35,tw35,tf35,
6FL,GY3,6,LG,H6FL,B36,tw36,tf36,
5FL,GX1,5,LG,H5FL,B37,tw37,tf37,
5FL,GX2,5,LG,H5FL,B38,tw38,tf38,
5FL,GX3,5,LG,H5FL,B39,tw39,tf39,
5FL,GY1,5,LG,H5FL,B40,tw40,tf40,
5FL,GY2,5,LG,H5FL,B41,tw41,tf41,
5FL,GY3,5,LG,H5FL,B42,tw42,tf42,
4FL,GX1,4,LG,H4FL,B43,tw43,tf43,
4FL,GX2,4,LG,H4FL,B44,tw44,tf44,
4FL,GX3,4,LG,H4FL,B45,tw45,tf45,
4FL,GY1,4,LG,H4FL,B46,tw46,tf46,
4FL,GY2,4,LG,H4FL,B47,tw47,tf47,
4FL,GY3,4,LG,H4FL,B48,tw48,tf48,
3FL,GX1,3,LG,H3FL,B49,tw49,tf49,
3FL,GX2,3,LG,H3FL,B50,tw50,tf50,
3FL,GX3,3,LG,H3FL,B51,tw51,tf51,
3FL,GY1,3,LG,H3FL,B52,tw52,tf52,
3FL,GY2,3,LG,H3FL,B53,tw53,tf53,
3FL,GY3,3,LG,H3FL,B54,tw54,tf54,
2FL,GX1,2,LG,H2FL,B55,tw55,tf55,
2FL,GX2,2,LG,H2FL,B56,tw56,tf56,
2FL,GX3,2,LG,H2FL,B57,tw57,tf57,
2FL,GY1,2,LG,H2FL,B58,tw58,tf58,
2FL,GY2,2,LG,H2FL,B59,tw59,tf59,
2FL,GY3,2,LG,H2FL,B60,tw60,tf60,

name=S柱断面
%階,符号,添字,断面リスト名,変数名,,部材種別(省略可)
%,,,,D,t,【FA】/【FB】/【FC】/【FD】
10F,C1,10,LC,D1,t1,
10F,C2,10,LC,D2,t2,
10F,C3,10,LC,D3,t3,
10F,C4,10,LC,D4,t4,
9F,C1,9,LC,D5,t5,
9F,C2,9,LC,D6,t6,
9F,C3,9,LC,D7,t7,
9F,C4,9,LC,D8,t8,
8F,C1,8,LC,D9,t9,
8F,C2,8,LC,D10,t10,
8F,C3,8,LC,D11,t11,
8F,C4,8,LC,D12,t12,
7F,C1,7,LC,D13,t13,
7F,C2,7,LC,D14,t14,
7F,C3,7,LC,D15,t15,
7F,C4,7,LC,D16,t16,
6F,C1,6,LC,D17,t17,
6F,C2,6,LC,D18,t18,
6F,C3,6,LC,D19,t19,
6F,C4,6,LC,D20,t20,
5F,C1,5,LC,D21,t21,
5F,C2,5,LC,D22,t22,
5F,C3,5,LC,D23,t23,
5F,C4,5,LC,D24,t24,
4F,C1,4,LC,D25,t25,
4F,C2,4,LC,D26,t26,
4F,C3,4,LC,D27,t27,
4F,C4,4,LC,D28,t28,
3F,C1,3,LC,D29,t29,
3F,C2,3,LC,D30,t30,
3F,C3,3,LC,D31,t31,
3F,C4,3,LC,D32,t32,
2F,C1,2,LC,D33,t33,
2F,C2,2,LC,D34,t34,
2F,C3,2,LC,D35,t35,
2F,C4,2,LC,D36,t36,
1F,C1,1,LC,D37,t37,
1F,C2,1,LC,D38,t38,
1F,C3,1,LC,D39,t39,
1F,C4,1,LC,D40,t40,

name=設計変数
%変数名,変数,値,下限値,上限値
%,(T)/F,(省略可),(省略可),(省略可)
H10FL,,,,
H2FL,,,,
H3FL,,,,
H4FL,,,,
H5FL,,,,
H6FL,,,,
H7FL,,,,
H8FL,,,,
H9FL,,,,
HRFL,,,,
B1,,,,
B10,,,,
B11,,,,
B12,,,,
B13,,,,
B14,,,,
B15,,,,
B16,,,,
B17,,,,
B18,,,,
B19,,,,
B2,,,,
B20,,,,
B21,,,,
B22,,,,
B23,,,,
B24,,,,
B25,,,,
B26,,,,
B27,,,,
B28,,,,
B29,,,,
B3,,,,
B30,,,,
B31,,,,
B32,,,,
B33,,,,
B34,,,,
B35,,,,
B36,,,,
B37,,,,
B38,,,,
B39,,,,
B4,,,,
B40,,,,
B41,,,,
B42,,,,
B43,,,,
B44,,,,
B45,,,,
B46,,,,
B47,,,,
B48,,,,
B49,,,,
B5,,,,
B50,,,,
B51,,,,
B52,,,,
B53,,,,
B54,,,,
B55,,,,
B56,,,,
B57,,,,
B58,,,,
B59,,,,
B6,,,,
B60,,,,
B7,,,,
B8,,,,
B9,,,,
tw1,,,,
tw10,,,,
tw11,,,,
tw12,,,,
tw13,,,,
tw14,,,,
tw15,,,,
tw16,,,,
tw17,,,,
tw18,,,,
tw19,,,,
tw2,,,,
tw20,,,,
tw21,,,,
tw22,,,,
tw23,,,,
tw24,,,,
tw25,,,,
tw26,,,,
tw27,,,,
tw28,,,,
tw29,,,,
tw3,,,,
tw30,,,,
tw31,,,,
tw32,,,,
tw33,,,,
tw34,,,,
tw35,,,,
tw36,,,,
tw37,,,,
tw38,,,,
tw39,,,,
tw4,,,,
tw40,,,,
tw41,,,,
tw42,,,,
tw43,,,,
tw44,,,,
tw45,,,,
tw46,,,,
tw47,,,,
tw48,,,,
tw49,,,,
tw5,,,,
tw50,,,,
tw51,,,,
tw52,,,,
tw53,,,,
tw54,,,,
tw55,,,,
tw56,,,,
tw57,,,,
tw58,,,,
tw59,,,,
tw6,,,,
tw60,,,,
tw7,,,,
tw8,,,,
tw9,,,,
tf1,,,,
tf10,,,,
tf11,,,,
tf12,,,,
tf13,,,,
tf14,,,,
tf15,,,,
tf16,,,,
tf17,,,,
tf18,,,,
tf19,,,,
tf2,,,,
tf20,,,,
tf21,,,,
tf22,,,,
tf23,,,,
tf24,,,,
tf25,,,,
tf26,,,,
tf27,,,,
tf28,,,,
tf29,,,,
tf3,,,,
tf30,,,,
tf31,,,,
tf32,,,,
tf33,,,,
tf34,,,,
tf35,,,,
tf36,,,,
tf37,,,,
tf38,,,,
tf39,,,,
tf4,,,,
tf40,,,,
tf41,,,,
tf42,,,,
tf43,,,,
tf44,,,,
tf45,,,,
tf46,,,,
tf47,,,,
tf48,,,,
tf49,,,,
tf5,,,,
tf50,,,,
tf51,,,,
tf52,,,,
tf53,,,,
tf54,,,,
tf55,,,,
tf56,,,,
tf57,,,,
tf58,,,,
tf59,,,,
tf6,,,,
tf60,,,,
tf7,,,,
tf8,,,,
tf9,,,,
D1,,,,
D10,,,,
D11,,,,
D12,,,,
D13,,,,
D14,,,,
D15,,,,
D16,,,,
D17,,,,
D18,,,,
D19,,,,
D2,,,,
D20,,,,
D21,,,,
D22,,,,
D23,,,,
D24,,,,
D25,,,,
D26,,,,
D27,,,,
D28,,,,
D29,,,,
D3,,,,
D30,,,,
D31,,,,
D32,,,,
D33,,,,
D34,,,,
D35,,,,
D36,,,,
D37,,,,
D38,,,,
D39,,,,
D4,,,,
D40,,,,
D5,,,,
D6,,,,
D7,,,,
D8,,,,
D9,,,,
t1,,,,
t10,,,,
t11,,,,
t12,,,,
t13,,,,
t14,,,,
t15,,,,
t16,,,,
t17,,,,
t18,,,,
t19,,,,
t2,,,,
t20,,,,
t21,,,,
t22,,,,
t23,,,,
t24,,,,
t25,,,,
t26,,,,
t27,,,,
t28,,,,
t29,,,,
t3,,,,
t30,,,,
t31,,,,
t32,,,,
t33,,,,
t34,,,,
t35,,,,
t36,,,,
t37,,,,
t38,,,,
t39,,,,
t4,,,,
t40,,,,
t5,,,,
t6,,,,
t7,,,,
t8,,,,
t9,,,,

name=大梁配置
%層,フレーム,軸,軸,断面符号,断面の向き,"合成梁効果(0:なし,1:片側.2:両側)",横補剛間隔Lb,反転配置
%,,,,,,0:なし,1:片側.2:両側,,T/F(*)
2FL,Y1,X1,X2,GX1,0,1,6400,
2FL,Y1,X2,X3,GX1,0,1,6400,
2FL,Y1,X3,X4,GX1,0,1,6400,
2FL,Y1,X4,X5,GX1,0,1,6400,
2FL,Y1,X5,X6,GX1,0,1,6400,
3FL,Y1,X1,X2,GX1,0,1,6400,
3FL,Y1,X2,X3,GX1,0,1,6400,
3FL,Y1,X3,X4,GX1,0,1,6400,
3FL,Y1,X4,X5,GX1,0,1,6400,
3FL,Y1,X5,X6,GX1,0,1,6400,
4FL,Y1,X1,X2,GX1,0,1,6400,
4FL,Y1,X2,X3,GX1,0,1,6400,
4FL,Y1,X3,X4,GX1,0,1,6400,
4FL,Y1,X4,X5,GX1,0,1,6400,
4FL,Y1,X5,X6,GX1,0,1,6400,
5FL,Y1,X1,X2,GX1,0,1,6400,
5FL,Y1,X2,X3,GX1,0,1,6400,
5FL,Y1,X3,X4,GX1,0,1,6400,
5FL,Y1,X4,X5,GX1,0,1,6400,
5FL,Y1,X5,X6,GX1,0,1,6400,
6FL,Y1,X1,X2,GX1,0,1,6400,
6FL,Y1,X2,X3,GX1,0,1,6400,
6FL,Y1,X3,X4,GX1,0,1,6400,
6FL,Y1,X4,X5,GX1,0,1,6400,
6FL,Y1,X5,X6,GX1,0,1,6400,
7FL,Y1,X1,X2,GX1,0,1,6400,
7FL,Y1,X2,X3,GX1,0,1,6400,
7FL,Y1,X3,X4,GX1,0,1,6400,
7FL,Y1,X4,X5,GX1,0,1,6400,
7FL,Y1,X5,X6,GX1,0,1,6400,
8FL,Y1,X1,X2,GX1,0,1,6400,
8FL,Y1,X2,X3,GX1,0,1,6400,
8FL,Y1,X3,X4,GX1,0,1,6400,
8FL,Y1,X4,X5,GX1,0,1,6400,
8FL,Y1,X5,X6,GX1,0,1,6400,
9FL,Y1,X1,X2,GX1,0,1,6400,
9FL,Y1,X2,X3,GX1,0,1,6400,
9FL,Y1,X3,X4,GX1,0,1,6400,
9FL,Y1,X4,X5,GX1,0,1,6400,
9FL,Y1,X5,X6,GX1,0,1,6400,
10FL,Y1,X1,X2,GX1,0,1,6400,
10FL,Y1,X2,X3,GX1,0,1,6400,
10FL,Y1,X3,X4,GX1,0,1,6400,
10FL,Y1,X4,X5,GX1,0,1,6400,
10FL,Y1,X5,X6,GX1,0,1,6400,
RFL,Y1,X1,X2,GX1,0,1,6400,
RFL,Y1,X2,X3,GX1,0,1,6400,
RFL,Y1,X3,X4,GX1,0,1,6400,
RFL,Y1,X4,X5,GX1,0,1,6400,
RFL,Y1,X5,X6,GX1,0,1,6400,
2FL,Y2,X1,X2,GX2,0,2,6400,
2FL,Y2,X2,X3,GX3,0,2,6400,
2FL,Y2,X3,X4,GX3,0,2,6400,
2FL,Y2,X4,X5,GX3,0,2,6400,
2FL,Y2,X5,X6,GX2,0,2,6400,
3FL,Y2,X1,X2,GX2,0,2,6400,
3FL,Y2,X2,X3,GX3,0,2,6400,
3FL,Y2,X3,X4,GX3,0,2,6400,
3FL,Y2,X4,X5,GX3,0,2,6400,
3FL,Y2,X5,X6,GX2,0,2,6400,
4FL,Y2,X1,X2,GX2,0,2,6400,
4FL,Y2,X2,X3,GX3,0,2,6400,
4FL,Y2,X3,X4,GX3,0,2,6400,
4FL,Y2,X4,X5,GX3,0,2,6400,
4FL,Y2,X5,X6,GX2,0,2,6400,
5FL,Y2,X1,X2,GX2,0,2,6400,
5FL,Y2,X2,X3,GX3,0,2,6400,
5FL,Y2,X3,X4,GX3,0,2,6400,
5FL,Y2,X4,X5,GX3,0,2,6400,
5FL,Y2,X5,X6,GX2,0,2,6400,
6FL,Y2,X1,X2,GX2,0,2,6400,
6FL,Y2,X2,X3,GX3,0,2,6400,
6FL,Y2,X3,X4,GX3,0,2,6400,
6FL,Y2,X4,X5,GX3,0,2,6400,
6FL,Y2,X5,X6,GX2,0,2,6400,
7FL,Y2,X1,X2,GX2,0,2,6400,
7FL,Y2,X2,X3,GX3,0,2,6400,
7FL,Y2,X3,X4,GX3,0,2,6400,
7FL,Y2,X4,X5,GX3,0,2,6400,
7FL,Y2,X5,X6,GX2,0,2,6400,
8FL,Y2,X1,X2,GX2,0,2,6400,
8FL,Y2,X2,X3,GX3,0,2,6400,
8FL,Y2,X3,X4,GX3,0,2,6400,
8FL,Y2,X4,X5,GX3,0,2,6400,
8FL,Y2,X5,X6,GX2,0,2,6400,
9FL,Y2,X1,X2,GX2,0,2,6400,
9FL,Y2,X2,X3,GX3,0,2,6400,
9FL,Y2,X3,X4,GX3,0,2,6400,
9FL,Y2,X4,X5,GX3,0,2,6400,
9FL,Y2,X5,X6,GX2,0,2,6400,
10FL,Y2,X1,X2,GX2,0,2,6400,
10FL,Y2,X2,X3,GX3,0,2,6400,
10FL,Y2,X3,X4,GX3,0,2,6400,
10FL,Y2,X4,X5,GX3,0,2,6400,
10FL,Y2,X5,X6,GX2,0,2,6400,
RFL,Y2,X1,X2,GX2,0,2,6400,
RFL,Y2,X2,X3,GX3,0,2,6400,
RFL,Y2,X3,X4,GX3,0,2,6400,
RFL,Y2,X4,X5,GX3,0,2,6400,
RFL,Y2,X5,X6,GX2,0,2,6400,
2FL,Y3,X1,X2,GX1,0,1,6400,
2FL,Y3,X2,X3,GX1,0,1,6400,
2FL,Y3,X3,X4,GX1,0,1,6400,
2FL,Y3,X4,X5,GX1,0,0,6400,
2FL,Y3,X5,X6,GX1,0,1,6400,
3FL,Y3,X1,X2,GX1,0,1,6400,
3FL,Y3,X2,X3,GX1,0,1,6400,
3FL,Y3,X3,X4,GX1,0,1,6400,
3FL,Y3,X4,X5,GX1,0,0,6400,
3FL,Y3,X5,X6,GX1,0,1,6400,
4FL,Y3,X1,X2,GX1,0,1,6400,
4FL,Y3,X2,X3,GX1,0,1,6400,
4FL,Y3,X3,X4,GX1,0,1,6400,
4FL,Y3,X4,X5,GX1,0,0,6400,
4FL,Y3,X5,X6,GX1,0,1,6400,
5FL,Y3,X1,X2,GX1,0,1,6400,
5FL,Y3,X2,X3,GX1,0,1,6400,
5FL,Y3,X3,X4,GX1,0,1,6400,
5FL,Y3,X4,X5,GX1,0,0,6400,
5FL,Y3,X5,X6,GX1,0,1,6400,
6FL,Y3,X1,X2,GX1,0,1,6400,
6FL,Y3,X2,X3,GX1,0,1,6400,
6FL,Y3,X3,X4,GX1,0,1,6400,
6FL,Y3,X4,X5,GX1,0,0,6400,
6FL,Y3,X5,X6,GX1,0,1,6400,
7FL,Y3,X1,X2,GX1,0,1,6400,
7FL,Y3,X2,X3,GX1,0,1,6400,
7FL,Y3,X3,X4,GX1,0,1,6400,
7FL,Y3,X4,X5,GX1,0,0,6400,
7FL,Y3,X5,X6,GX1,0,1,6400,
8FL,Y3,X1,X2,GX1,0,1,6400,
8FL,Y3,X2,X3,GX1,0,1,6400,
8FL,Y3,X3,X4,GX1,0,1,6400,
8FL,Y3,X4,X5,GX1,0,0,6400,
8FL,Y3,X5,X6,GX1,0,1,6400,
9FL,Y3,X1,X2,GX1,0,1,6400,
9FL,Y3,X2,X3,GX1,0,1,6400,
9FL,Y3,X3,X4,GX1,0,1,6400,
9FL,Y3,X4,X5,GX1,0,0,6400,
9FL,Y3,X5,X6,GX1,0,1,6400,
10FL,Y3,X1,X2,GX1,0,1,6400,
10FL,Y3,X2,X3,GX1,0,1,6400,
10FL,Y3,X3,X4,GX1,0,1,6400,
10FL,Y3,X4,X5,GX1,0,0,6400,
10FL,Y3,X5,X6,GX1,0,1,6400,
RFL,Y3,X1,X2,GX1,0,1,6400,
RFL,Y3,X2,X3,GX1,0,1,6400,
RFL,Y3,X3,X4,GX1,0,1,6400,
RFL,Y3,X4,X5,GX1,0,1,6400,
RFL,Y3,X5,X6,GX1,0,1,6400,
2FL,X1,Y1,YA1,GY3,0,1,3200,
2FL,X1,YA1,Y2,GY3,0,1,3200,
2FL,X1,Y2,Y3,GY3,0,1,2900,
3FL,X1,Y1,YA1,GY3,0,1,3200,
3FL,X1,YA1,Y2,GY3,0,1,3200,
3FL,X1,Y2,Y3,GY3,0,1,2900,
4FL,X1,Y1,YA1,GY3,0,1,3200,
4FL,X1,YA1,Y2,GY3,0,1,3200,
4FL,X1,Y2,Y3,GY3,0,1,2900,
5FL,X1,Y1,YA1,GY3,0,1,3200,
5FL,X1,YA1,Y2,GY3,0,1,3200,
5FL,X1,Y2,Y3,GY3,0,1,2900,
6FL,X1,Y1,YA1,GY3,0,1,3200,
6FL,X1,YA1,Y2,GY3,0,1,3200,
6FL,X1,Y2,Y3,GY3,0,1,2900,
7FL,X1,Y1,YA1,GY3,0,1,3200,
7FL,X1,YA1,Y2,GY3,0,1,3200,
7FL,X1,Y2,Y3,GY3,0,1,2900,
8FL,X1,Y1,YA1,GY3,0,1,3200,
8FL,X1,YA1,Y2,GY3,0,1,3200,
8FL,X1,Y2,Y3,GY3,0,1,2900,
9FL,X1,Y1,YA1,GY3,0,1,3200,
9FL,X1,YA1,Y2,GY3,0,1,3200,
9FL,X1,Y2,Y3,GY3,0,1,2900,
10FL,X1,Y1,YA1,GY3,0,1,3200,
10FL,X1,YA1,Y2,GY3,0,1,3200,
10FL,X1,Y2,Y3,GY3,0,1,2900,
RFL,X1,Y1,YA1,GY3,0,1,3200,
RFL,X1,YA1,Y2,GY3,0,1,3200,
RFL,X1,Y2,Y3,GY3,0,1,2900,
2FL,X2,Y1,Y2,GY1,0,2,3200,
2FL,X2,Y2,Y3,GY2,0,2,2900,
3FL,X2,Y1,Y2,GY1,0,2,3200,
3FL,X2,Y2,Y3,GY2,0,2,2900,
4FL,X2,Y1,Y2,GY1,0,2,3200,
4FL,X2,Y2,Y3,GY2,0,2,2900,
5FL,X2,Y1,Y2,GY1,0,2,3200,
5FL,X2,Y2,Y3,GY2,0,2,2900,
6FL,X2,Y1,Y2,GY1,0,2,3200,
6FL,X2,Y2,Y3,GY2,0,2,2900,
7FL,X2,Y1,Y2,GY1,0,2,3200,
7FL,X2,Y2,Y3,GY2,0,2,2900,
8FL,X2,Y1,Y2,GY1,0,2,3200,
8FL,X2,Y2,Y3,GY2,0,2,2900,
9FL,X2,Y1,Y2,GY1,0,2,3200,
9FL,X2,Y2,Y3,GY2,0,2,2900,
10FL,X2,Y1,Y2,GY1,0,2,3200,
10FL,X2,Y2,Y3,GY2,0,2,2900,
RFL,X2,Y1,Y2,GY1,0,2,3200,
RFL,X2,Y2,Y3,GY2,0,2,2900,
2FL,X3,Y1,Y2,GY1,0,2,3200,
2FL,X3,Y2,Y3,GY2,0,2,2900,
3FL,X3,Y1,Y2,GY1,0,2,3200,
3FL,X3,Y2,Y3,GY2,0,2,2900,
4FL,X3,Y1,Y2,GY1,0,2,3200,
4FL,X3,Y2,Y3,GY2,0,2,2900,
5FL,X3,Y1,Y2,GY1,0,2,3200,
5FL,X3,Y2,Y3,GY2,0,2,2900,
6FL,X3,Y1,Y2,GY1,0,2,3200,
6FL,X3,Y2,Y3,GY2,0,2,2900,
7FL,X3,Y1,Y2,GY1,0,2,3200,
7FL,X3,Y2,Y3,GY2,0,2,2900,
8FL,X3,Y1,Y2,GY1,0,2,3200,
8FL,X3,Y2,Y3,GY2,0,2,2900,
9FL,X3,Y1,Y2,GY1,0,2,3200,
9FL,X3,Y2,Y3,GY2,0,2,2900,
10FL,X3,Y1,Y2,GY1,0,2,3200,
10FL,X3,Y2,Y3,GY2,0,2,2900,
RFL,X3,Y1,Y2,GY1,0,2,3200,
RFL,X3,Y2,Y3,GY2,0,2,2900,
2FL,X4,Y1,Y2,GY1,0,2,3200,
2FL,X4,Y2,Y3,GY2,0,2,2900,
3FL,X4,Y1,Y2,GY1,0,2,3200,
3FL,X4,Y2,Y3,GY2,0,2,2900,
4FL,X4,Y1,Y2,GY1,0,2,3200,
4FL,X4,Y2,Y3,GY2,0,2,2900,
5FL,X4,Y1,Y2,GY1,0,2,3200,
5FL,X4,Y2,Y3,GY2,0,2,2900,
6FL,X4,Y1,Y2,GY1,0,2,3200,
6FL,X4,Y2,Y3,GY2,0,2,2900,
7FL,X4,Y1,Y2,GY1,0,2,3200,
7FL,X4,Y2,Y3,GY2,0,2,2900,
8FL,X4,Y1,Y2,GY1,0,2,3200,
8FL,X4,Y2,Y3,GY2,0,2,2900,
9FL,X4,Y1,Y2,GY1,0,2,3200,
9FL,X4,Y2,Y3,GY2,0,2,2900,
10FL,X4,Y1,Y2,GY1,0,2,3200,
10FL,X4,Y2,Y3,GY2,0,2,2900,
RFL,X4,Y1,Y2,GY1,0,2,3200,
RFL,X4,Y2,Y3,GY2,0,2,2900,
2FL,X5,Y1,Y2,GY1,0,2,3200,
2FL,X5,Y2,Y3,GY2,0,2,2900,
3FL,X5,Y1,Y2,GY1,0,2,3200,
3FL,X5,Y2,Y3,GY2,0,2,2900,
4FL,X5,Y1,Y2,GY1,0,2,3200,
4FL,X5,Y2,Y3,GY2,0,2,2900,
5FL,X5,Y1,Y2,GY1,0,2,3200,
5FL,X5,Y2,Y3,GY2,0,2,2900,
6FL,X5,Y1,Y2,GY1,0,2,3200,
6FL,X5,Y2,Y3,GY2,0,2,2900,
7FL,X5,Y1,Y2,GY1,0,2,3200,
7FL,X5,Y2,Y3,GY2,0,2,2900,
8FL,X5,Y1,Y2,GY1,0,2,3200,
8FL,X5,Y2,Y3,GY2,0,2,2900,
9FL,X5,Y1,Y2,GY1,0,2,3200,
9FL,X5,Y2,Y3,GY2,0,2,2900,
10FL,X5,Y1,Y2,GY1,0,2,3200,
10FL,X5,Y2,Y3,GY2,0,2,2900,
RFL,X5,Y1,Y2,GY1,0,2,3200,
RFL,X5,Y2,Y3,GY2,0,2,2900,
2FL,X6,Y1,YA1,GY3,0,1,3200,
2FL,X6,YA1,Y2,GY3,0,1,3200,
2FL,X6,Y2,Y3,GY3,0,1,2900,
3FL,X6,Y1,YA1,GY3,0,1,3200,
3FL,X6,YA1,Y2,GY3,0,1,3200,
3FL,X6,Y2,Y3,GY3,0,1,2900,
4FL,X6,Y1,YA1,GY3,0,1,3200,
4FL,X6,YA1,Y2,GY3,0,1,3200,
4FL,X6,Y2,Y3,GY3,0,1,2900,
5FL,X6,Y1,YA1,GY3,0,1,3200,
5FL,X6,YA1,Y2,GY3,0,1,3200,
5FL,X6,Y2,Y3,GY3,0,1,2900,
6FL,X6,Y1,YA1,GY3,0,1,3200,
6FL,X6,YA1,Y2,GY3,0,1,3200,
6FL,X6,Y2,Y3,GY3,0,1,2900,
7FL,X6,Y1,YA1,GY3,0,1,3200,
7FL,X6,YA1,Y2,GY3,0,1,3200,
7FL,X6,Y2,Y3,GY3,0,1,2900,
8FL,X6,Y1,YA1,GY3,0,1,3200,
8FL,X6,YA1,Y2,GY3,0,1,3200,
8FL,X6,Y2,Y3,GY3,0,1,2900,
9FL,X6,Y1,YA1,GY3,0,1,3200,
9FL,X6,YA1,Y2,GY3,0,1,3200,
9FL,X6,Y2,Y3,GY3,0,1,2900,
10FL,X6,Y1,YA1,GY3,0,1,3200,
10FL,X6,YA1,Y2,GY3,0,1,3200,
10FL,X6,Y2,Y3,GY3,0,1,2900,
RFL,X6,Y1,YA1,GY3,0,1,3200,
RFL,X6,YA1,Y2,GY3,0,1,3200,
RFL,X6,Y2,Y3,GY3,0,1,2900,

name=柱配置
%階,X軸,Y軸,断面符号,断面の向き,腰折れ高さ,柱頭階
%,,,,,mm,(省略可)
1F,X1,Y1,C1,0,0,
2F,X1,Y1,C1,0,0,
3F,X1,Y1,C1,0,0,
4F,X1,Y1,C1,0,0,
5F,X1,Y1,C1,0,0,
6F,X1,Y1,C1,0,0,
7F,X1,Y1,C1,0,0,
8F,X1,Y1,C1,0,0,
9F,X1,Y1,C1,0,0,
10F,X1,Y1,C1,0,0,
1F,X2,Y1,C1,0,0,
2F,X2,Y1,C1,0,0,
3F,X2,Y1,C1,0,0,
4F,X2,Y1,C1,0,0,
5F,X2,Y1,C1,0,0,
6F,X2,Y1,C1,0,0,
7F,X2,Y1,C1,0,0,
8F,X2,Y1,C1,0,0,
9F,X2,Y1,C1,0,0,
10F,X2,Y1,C1,0,0,
1F,X3,Y1,C1,0,0,
2F,X3,Y1,C1,0,0,
3F,X3,Y1,C1,0,0,
4F,X3,Y1,C1,0,0,
5F,X3,Y1,C1,0,0,
6F,X3,Y1,C1,0,0,
7F,X3,Y1,C1,0,0,
8F,X3,Y1,C1,0,0,
9F,X3,Y1,C1,0,0,
10F,X3,Y1,C1,0,0,
1F,X4,Y1,C1,0,0,
2F,X4,Y1,C1,0,0,
3F,X4,Y1,C1,0,0,
4F,X4,Y1,C1,0,0,
5F,X4,Y1,C1,0,0,
6F,X4,Y1,C1,0,0,
7F,X4,Y1,C1,0,0,
8F,X4,Y1,C1,0,0,
9F,X4,Y1,C1,0,0,
10F,X4,Y1,C1,0,0,
1F,X5,Y1,C1,0,0,
2F,X5,Y1,C1,0,0,
3F,X5,Y1,C1,0,0,
4F,X5,Y1,C1,0,0,
5F,X5,Y1,C1,0,0,
6F,X5,Y1,C1,0,0,
7F,X5,Y1,C1,0,0,
8F,X5,Y1,C1,0,0,
9F,X5,Y1,C1,0,0,
10F,X5,Y1,C1,0,0,
1F,X6,Y1,C1,0,0,
2F,X6,Y1,C1,0,0,
3F,X6,Y1,C1,0,0,
4F,X6,Y1,C1,0,0,
5F,X6,Y1,C1,0,0,
6F,X6,Y1,C1,0,0,
7F,X6,Y1,C1,0,0,
8F,X6,Y1,C1,0,0,
9F,X6,Y1,C1,0,0,
10F,X6,Y1,C1,0,0,
1F,X1,YA1,C4,0,0,
2F,X1,YA1,C4,0,0,
3F,X1,YA1,C4,0,0,
4F,X1,YA1,C4,0,0,
5F,X1,YA1,C4,0,0,
6F,X1,YA1,C4,0,0,
7F,X1,YA1,C4,0,0,
8F,X1,YA1,C4,0,0,
9F,X1,YA1,C4,0,0,
10F,X1,YA1,C4,0,0,
1F,X6,YA1,C4,0,0,
2F,X6,YA1,C4,0,0,
3F,X6,YA1,C4,0,0,
4F,X6,YA1,C4,0,0,
5F,X6,YA1,C4,0,0,
6F,X6,YA1,C4,0,0,
7F,X6,YA1,C4,0,0,
8F,X6,YA1,C4,0,0,
9F,X6,YA1,C4,0,0,
10F,X6,YA1,C4,0,0,
1F,X1,Y2,C2,0,0,
2F,X1,Y2,C2,0,0,
3F,X1,Y2,C2,0,0,
4F,X1,Y2,C2,0,0,
5F,X1,Y2,C2,0,0,
6F,X1,Y2,C2,0,0,
7F,X1,Y2,C2,0,0,
8F,X1,Y2,C2,0,0,
9F,X1,Y2,C2,0,0,
10F,X1,Y2,C2,0,0,
1F,X2,Y2,C2,0,0,
2F,X2,Y2,C2,0,0,
3F,X2,Y2,C2,0,0,
4F,X2,Y2,C2,0,0,
5F,X2,Y2,C2,0,0,
6F,X2,Y2,C2,0,0,
7F,X2,Y2,C2,0,0,
8F,X2,Y2,C2,0,0,
9F,X2,Y2,C2,0,0,
10F,X2,Y2,C2,0,0,
1F,X3,Y2,C2,0,0,
2F,X3,Y2,C2,0,0,
3F,X3,Y2,C2,0,0,
4F,X3,Y2,C2,0,0,
5F,X3,Y2,C2,0,0,
6F,X3,Y2,C2,0,0,
7F,X3,Y2,C2,0,0,
8F,X3,Y2,C2,0,0,
9F,X3,Y2,C2,0,0,
10F,X3,Y2,C2,0,0,
1F,X4,Y2,C2,0,0,
2F,X4,Y2,C2,0,0,
3F,X4,Y2,C2,0,0,
4F,X4,Y2,C2,0,0,
5F,X4,Y2,C2,0,0,
6F,X4,Y2,C2,0,0,
7F,X4,Y2,C2,0,0,
8F,X4,Y2,C2,0,0,
9F,X4,Y2,C2,0,0,
10F,X4,Y2,C2,0,0,
1F,X5,Y2,C2,0,0,
2F,X5,Y2,C2,0,0,
3F,X5,Y2,C2,0,0,
4F,X5,Y2,C2,0,0,
5F,X5,Y2,C2,0,0,
6F,X5,Y2,C2,0,0,
7F,X5,Y2,C2,0,0,
8F,X5,Y2,C2,0,0,
9F,X5,Y2,C2,0,0,
10F,X5,Y2,C2,0,0,
1F,X6,Y2,C2,0,0,
2F,X6,Y2,C2,0,0,
3F,X6,Y2,C2,0,0,
4F,X6,Y2,C2,0,0,
5F,X6,Y2,C2,0,0,
6F,X6,Y2,C2,0,0,
7F,X6,Y2,C2,0,0,
8F,X6,Y2,C2,0,0,
9F,X6,Y2,C2,0,0,
10F,X6,Y2,C2,0,0,
1F,X1,Y3,C3,0,0,
2F,X1,Y3,C3,0,0,
3F,X1,Y3,C3,0,0,
4F,X1,Y3,C3,0,0,
5F,X1,Y3,C3,0,0,
6F,X1,Y3,C3,0,0,
7F,X1,Y3,C3,0,0,
8F,X1,Y3,C3,0,0,
9F,X1,Y3,C3,0,0,
10F,X1,Y3,C3,0,0,
1F,X2,Y3,C3,0,0,
2F,X2,Y3,C3,0,0,
3F,X2,Y3,C3,0,0,
4F,X2,Y3,C3,0,0,
5F,X2,Y3,C3,0,0,
6F,X2,Y3,C3,0,0,
7F,X2,Y3,C3,0,0,
8F,X2,Y3,C3,0,0,
9F,X2,Y3,C3,0,0,
10F,X2,Y3,C3,0,0,
1F,X3,Y3,C3,0,0,
2F,X3,Y3,C3,0,0,
3F,X3,Y3,C3,0,0,
4F,X3,Y3,C3,0,0,
5F,X3,Y3,C3,0,0,
6F,X3,Y3,C3,0,0,
7F,X3,Y3,C3,0,0,
8F,X3,Y3,C3,0,0,
9F,X3,Y3,C3,0,0,
10F,X3,Y3,C3,0,0,
1F,X4,Y3,C3,0,0,
2F,X4,Y3,C3,0,0,
3F,X4,Y3,C3,0,0,
4F,X4,Y3,C3,0,0,
5F,X4,Y3,C3,0,0,
6F,X4,Y3,C3,0,0,
7F,X4,Y3,C3,0,0,
8F,X4,Y3,C3,0,0,
9F,X4,Y3,C3,0,0,
10F,X4,Y3,C3,0,0,
1F,X5,Y3,C3,0,0,
2F,X5,Y3,C3,0,0,
3F,X5,Y3,C3,0,0,
4F,X5,Y3,C3,0,0,
5F,X5,Y3,C3,0,0,
6F,X5,Y3,C3,0,0,
7F,X5,Y3,C3,0,0,
8F,X5,Y3,C3,0,0,
9F,X5,Y3,C3,0,0,
10F,X5,Y3,C3,0,0,
1F,X6,Y3,C3,0,0,
2F,X6,Y3,C3,0,0,
3F,X6,Y3,C3,0,0,
4F,X6,Y3,C3,0,0,
5F,X6,Y3,C3,0,0,
6F,X6,Y3,C3,0,0,
7F,X6,Y3,C3,0,0,
8F,X6,Y3,C3,0,0,
9F,X6,Y3,C3,0,0,
10F,X6,Y3,C3,0,0,

name=出力制御
%,1,2,3,4,5,6
梁断面リスト,GX1,GX2,GX3,GY1,GY2,GY3
柱断面リスト,C1,C2,C3,C4

name=スラブ協力幅
%層,フレーム,軸,軸,断面符号,協力幅,,スラブ厚,コンクリート,スラブ厚,デッキ高さ,,床面
%,,,,,左側,右側,（左側）,材料名,（右側）,（左側）,（右側）,【上面】／下面
%,,,,,mm,mm,mm,,（省略可）,（省略可）,（省略可）,（省略可）
RFL,Y1,X1,X2,GX1,640,0,250.0,Fc21,,,,上面
RFL,Y1,X2,X3,GX1,640,0,250.0,Fc21,,,,上面
RFL,Y1,X3,X4,GX1,640,0,250.0,Fc21,,,,上面
RFL,Y1,X4,X5,GX1,640,0,250.0,Fc21,,,,上面
RFL,Y1,X5,X6,GX1,640,0,250.0,Fc21,,,,上面
RFL,Y2,X1,X2,GX2,640,640,250.0,Fc21,,,,上面
RFL,Y2,X2,X3,GX3,640,640,250.0,Fc21,,,,上面
RFL,Y2,X3,X4,GX3,640,640,250.0,Fc21,,,,上面
RFL,Y2,X4,X5,GX3,640,640,250.0,Fc21,,,,上面
RFL,Y2,X5,X6,GX2,640,640,250.0,Fc21,,,,上面
RFL,Y3,X1,X2,GX1,0,640,250.0,Fc21,,,,上面
RFL,Y3,X2,X3,GX1,0,640,250.0,Fc21,,,,上面
RFL,Y3,X3,X4,GX1,0,640,250.0,Fc21,,,,上面
RFL,Y3,X4,X5,GX1,0,640,250.0,Fc21,,,,上面
RFL,Y3,X5,X6,GX1,0,640,250.0,Fc21,,,,上面
RFL,X1,Y1,YA1,GY3,0,640,250.0,Fc21,,,,上面
RFL,X1,YA1,Y2,GY3,0,640,250.0,Fc21,,,,上面
RFL,X1,Y2,Y3,GY3,0,580,250.0,Fc21,,,,上面
RFL,X2,Y1,Y2,GY1,1306,1309,250.0,Fc21,,,,上面
RFL,X2,Y2,Y3,GY2,580,580,250.0,Fc21,,,,上面
RFL,X3,Y1,Y2,GY1,1309,1309,250.0,Fc21,,,,上面
RFL,X3,Y2,Y3,GY2,580,580,250.0,Fc21,,,,上面
RFL,X4,Y1,Y2,GY1,1309,1309,250.0,Fc21,,,,上面
RFL,X4,Y2,Y3,GY2,580,580,250.0,Fc21,,,,上面
RFL,X5,Y1,Y2,GY1,1309,1306,250.0,Fc21,,,,上面
RFL,X5,Y2,Y3,GY2,580,580,250.0,Fc21,,,,上面
RFL,X6,Y1,YA1,GY3,640,0,250.0,Fc21,,,,上面
RFL,X6,YA1,Y2,GY3,640,0,250.0,Fc21,,,,上面
RFL,X6,Y2,Y3,GY3,580,0,250.0,Fc21,,,,上面
10FL,Y1,X1,X2,GX1,640,0,250.0,Fc21,,,,上面
10FL,Y1,X2,X3,GX1,640,0,250.0,Fc21,,,,上面
10FL,Y1,X3,X4,GX1,640,0,250.0,Fc21,,,,上面
10FL,Y1,X4,X5,GX1,640,0,250.0,Fc21,,,,上面
10FL,Y1,X5,X6,GX1,640,0,250.0,Fc21,,,,上面
10FL,Y2,X1,X2,GX2,640,640,250.0,Fc21,,,,上面
10FL,Y2,X2,X3,GX3,640,640,250.0,Fc21,,,,上面
10FL,Y2,X3,X4,GX3,640,640,250.0,Fc21,,,,上面
10FL,Y2,X4,X5,GX3,640,640,250.0,Fc21,,,,上面
10FL,Y2,X5,X6,GX2,640,640,250.0,Fc21,,,,上面
10FL,Y3,X1,X2,GX1,0,640,250.0,Fc21,,,,上面
10FL,Y3,X2,X3,GX1,0,640,250.0,Fc21,,,,上面
10FL,Y3,X3,X4,GX1,0,640,250.0,Fc21,,,,上面
10FL,Y3,X5,X6,GX1,0,640,250.0,Fc21,,,,上面
10FL,X1,Y1,YA1,GY3,0,640,250.0,Fc21,,,,上面
10FL,X1,YA1,Y2,GY3,0,640,250.0,Fc21,,,,上面
10FL,X1,Y2,Y3,GY3,0,580,250.0,Fc21,,,,上面
10FL,X2,Y1,Y2,GY1,1306,1309,250.0,Fc21,,,,上面
10FL,X2,Y2,Y3,GY2,580,580,250.0,Fc21,,,,上面
10FL,X3,Y1,Y2,GY1,1309,1309,250.0,Fc21,,,,上面
10FL,X3,Y2,Y3,GY2,580,580,250.0,Fc21,,,,上面
10FL,X4,Y1,Y2,GY1,1309,1309,250.0,Fc21,,,,上面
10FL,X4,Y2,Y3,GY2,580,580,250.0,Fc21,125.0,,,上面
10FL,X5,Y1,Y2,GY1,1309,1306,250.0,Fc21,,,,上面
10FL,X5,Y2,Y3,GY2,580,580,125.0,Fc21,250.0,,,上面
10FL,X6,Y1,YA1,GY3,640,0,250.0,Fc21,,,,上面
10FL,X6,YA1,Y2,GY3,640,0,250.0,Fc21,,,,上面
10FL,X6,Y2,Y3,GY3,580,0,250.0,Fc21,,,,上面
9FL,Y1,X1,X2,GX1,640,0,250.0,Fc21,,,,上面
9FL,Y1,X2,X3,GX1,640,0,250.0,Fc21,,,,上面
9FL,Y1,X3,X4,GX1,640,0,250.0,Fc21,,,,上面
9FL,Y1,X4,X5,GX1,640,0,250.0,Fc21,,,,上面
9FL,Y1,X5,X6,GX1,640,0,250.0,Fc21,,,,上面
9FL,Y2,X1,X2,GX2,640,640,250.0,Fc21,,,,上面
9FL,Y2,X2,X3,GX3,640,640,250.0,Fc21,,,,上面
9FL,Y2,X3,X4,GX3,640,640,250.0,Fc21,,,,上面
9FL,Y2,X4,X5,GX3,640,640,250.0,Fc21,,,,上面
9FL,Y2,X5,X6,GX2,640,640,250.0,Fc21,,,,上面
9FL,Y3,X1,X2,GX1,0,640,250.0,Fc21,,,,上面
9FL,Y3,X2,X3,GX1,0,640,250.0,Fc21,,,,上面
9FL,Y3,X3,X4,GX1,0,640,250.0,Fc21,,,,上面
9FL,Y3,X5,X6,GX1,0,640,250.0,Fc21,,,,上面
9FL,X1,Y1,YA1,GY3,0,640,250.0,Fc21,,,,上面
9FL,X1,YA1,Y2,GY3,0,640,250.0,Fc21,,,,上面
9FL,X1,Y2,Y3,GY3,0,580,250.0,Fc21,,,,上面
9FL,X2,Y1,Y2,GY1,1306,1309,250.0,Fc21,,,,上面
9FL,X2,Y2,Y3,GY2,580,580,250.0,Fc21,,,,上面
9FL,X3,Y1,Y2,GY1,1309,1309,250.0,Fc21,,,,上面
9FL,X3,Y2,Y3,GY2,580,580,250.0,Fc21,,,,上面
9FL,X4,Y1,Y2,GY1,1309,1309,250.0,Fc21,,,,上面
9FL,X4,Y2,Y3,GY2,580,580,250.0,Fc21,125.0,,,上面
9FL,X5,Y1,Y2,GY1,1309,1306,250.0,Fc21,,,,上面
9FL,X5,Y2,Y3,GY2,580,580,125.0,Fc21,250.0,,,上面
9FL,X6,Y1,YA1,GY3,640,0,250.0,Fc21,,,,上面
9FL,X6,YA1,Y2,GY3,640,0,250.0,Fc21,,,,上面
9FL,X6,Y2,Y3,GY3,580,0,250.0,Fc21,,,,上面
8FL,Y1,X1,X2,GX1,640,0,250.0,Fc21,,,,上面
8FL,Y1,X2,X3,GX1,640,0,250.0,Fc21,,,,上面
8FL,Y1,X3,X4,GX1,640,0,250.0,Fc21,,,,上面
8FL,Y1,X4,X5,GX1,640,0,250.0,Fc21,,,,上面
8FL,Y1,X5,X6,GX1,640,0,250.0,Fc21,,,,上面
8FL,Y2,X1,X2,GX2,640,640,250.0,Fc21,,,,上面
8FL,Y2,X2,X3,GX3,640,640,250.0,Fc21,,,,上面
8FL,Y2,X3,X4,GX3,640,640,250.0,Fc21,,,,上面
8FL,Y2,X4,X5,GX3,640,640,250.0,Fc21,,,,上面
8FL,Y2,X5,X6,GX2,640,640,250.0,Fc21,,,,上面
8FL,Y3,X1,X2,GX1,0,640,250.0,Fc21,,,,上面
8FL,Y3,X2,X3,GX1,0,640,250.0,Fc21,,,,上面
8FL,Y3,X3,X4,GX1,0,640,250.0,Fc21,,,,上面
8FL,Y3,X5,X6,GX1,0,640,250.0,Fc21,,,,上面
8FL,X1,Y1,YA1,GY3,0,640,250.0,Fc21,,,,上面
8FL,X1,YA1,Y2,GY3,0,640,250.0,Fc21,,,,上面
8FL,X1,Y2,Y3,GY3,0,580,250.0,Fc21,,,,上面
8FL,X2,Y1,Y2,GY1,1306,1309,250.0,Fc21,,,,上面
8FL,X2,Y2,Y3,GY2,580,580,250.0,Fc21,,,,上面
8FL,X3,Y1,Y2,GY1,1309,1309,250.0,Fc21,,,,上面
8FL,X3,Y2,Y3,GY2,580,580,250.0,Fc21,,,,上面
8FL,X4,Y1,Y2,GY1,1309,1309,250.0,Fc21,,,,上面
8FL,X4,Y2,Y3,GY2,580,580,250.0,Fc21,125.0,,,上面
8FL,X5,Y1,Y2,GY1,1309,1306,250.0,Fc21,,,,上面
8FL,X5,Y2,Y3,GY2,580,580,125.0,Fc21,250.0,,,上面
8FL,X6,Y1,YA1,GY3,640,0,250.0,Fc21,,,,上面
8FL,X6,YA1,Y2,GY3,640,0,250.0,Fc21,,,,上面
8FL,X6,Y2,Y3,GY3,580,0,250.0,Fc21,,,,上面
7FL,Y1,X1,X2,GX1,640,0,250.0,Fc21,,,,上面
7FL,Y1,X2,X3,GX1,640,0,250.0,Fc21,,,,上面
7FL,Y1,X3,X4,GX1,640,0,250.0,Fc21,,,,上面
7FL,Y1,X4,X5,GX1,640,0,250.0,Fc21,,,,上面
7FL,Y1,X5,X6,GX1,640,0,250.0,Fc21,,,,上面
7FL,Y2,X1,X2,GX2,640,640,250.0,Fc21,,,,上面
7FL,Y2,X2,X3,GX3,640,640,250.0,Fc21,,,,上面
7FL,Y2,X3,X4,GX3,640,640,250.0,Fc21,,,,上面
7FL,Y2,X4,X5,GX3,640,640,250.0,Fc21,,,,上面
7FL,Y2,X5,X6,GX2,640,640,250.0,Fc21,,,,上面
7FL,Y3,X1,X2,GX1,0,640,250.0,Fc21,,,,上面
7FL,Y3,X2,X3,GX1,0,640,250.0,Fc21,,,,上面
7FL,Y3,X3,X4,GX1,0,640,250.0,Fc21,,,,上面
7FL,Y3,X5,X6,GX1,0,640,250.0,Fc21,,,,上面
7FL,X1,Y1,YA1,GY3,0,640,250.0,Fc21,,,,上面
7FL,X1,YA1,Y2,GY3,0,640,250.0,Fc21,,,,上面
7FL,X1,Y2,Y3,GY3,0,580,250.0,Fc21,,,,上面
7FL,X2,Y1,Y2,GY1,1306,1309,250.0,Fc21,,,,上面
7FL,X2,Y2,Y3,GY2,580,580,250.0,Fc21,,,,上面
7FL,X3,Y1,Y2,GY1,1309,1309,250.0,Fc21,,,,上面
7FL,X3,Y2,Y3,GY2,580,580,250.0,Fc21,,,,上面
7FL,X4,Y1,Y2,GY1,1309,1309,250.0,Fc21,,,,上面
7FL,X4,Y2,Y3,GY2,580,580,250.0,Fc21,125.0,,,上面
7FL,X5,Y1,Y2,GY1,1309,1306,250.0,Fc21,,,,上面
7FL,X5,Y2,Y3,GY2,580,580,125.0,Fc21,250.0,,,上面
7FL,X6,Y1,YA1,GY3,640,0,250.0,Fc21,,,,上面
7FL,X6,YA1,Y2,GY3,640,0,250.0,Fc21,,,,上面
7FL,X6,Y2,Y3,GY3,580,0,250.0,Fc21,,,,上面
6FL,Y1,X1,X2,GX1,640,0,250.0,Fc21,,,,上面
6FL,Y1,X2,X3,GX1,640,0,250.0,Fc21,,,,上面
6FL,Y1,X3,X4,GX1,640,0,250.0,Fc21,,,,上面
6FL,Y1,X4,X5,GX1,640,0,250.0,Fc21,,,,上面
6FL,Y1,X5,X6,GX1,640,0,250.0,Fc21,,,,上面
6FL,Y2,X1,X2,GX2,640,640,250.0,Fc21,,,,上面
6FL,Y2,X2,X3,GX3,640,640,250.0,Fc21,,,,上面
6FL,Y2,X3,X4,GX3,640,640,250.0,Fc21,,,,上面
6FL,Y2,X4,X5,GX3,640,640,250.0,Fc21,,,,上面
6FL,Y2,X5,X6,GX2,640,640,250.0,Fc21,,,,上面
6FL,Y3,X1,X2,GX1,0,640,250.0,Fc21,,,,上面
6FL,Y3,X2,X3,GX1,0,640,250.0,Fc21,,,,上面
6FL,Y3,X3,X4,GX1,0,640,250.0,Fc21,,,,上面
6FL,Y3,X5,X6,GX1,0,640,250.0,Fc21,,,,上面
6FL,X1,Y1,YA1,GY3,0,640,250.0,Fc21,,,,上面
6FL,X1,YA1,Y2,GY3,0,640,250.0,Fc21,,,,上面
6FL,X1,Y2,Y3,GY3,0,580,250.0,Fc21,,,,上面
6FL,X2,Y1,Y2,GY1,1306,1309,250.0,Fc21,,,,上面
6FL,X2,Y2,Y3,GY2,580,580,250.0,Fc21,,,,上面
6FL,X3,Y1,Y2,GY1,1309,1309,250.0,Fc21,,,,上面
6FL,X3,Y2,Y3,GY2,580,580,250.0,Fc21,,,,上面
6FL,X4,Y1,Y2,GY1,1309,1309,250.0,Fc21,,,,上面
6FL,X4,Y2,Y3,GY2,580,580,250.0,Fc21,125.0,,,上面
6FL,X5,Y1,Y2,GY1,1309,1306,250.0,Fc21,,,,上面
6FL,X5,Y2,Y3,GY2,580,580,125.0,Fc21,250.0,,,上面
6FL,X6,Y1,YA1,GY3,640,0,250.0,Fc21,,,,上面
6FL,X6,YA1,Y2,GY3,640,0,250.0,Fc21,,,,上面
6FL,X6,Y2,Y3,GY3,580,0,250.0,Fc21,,,,上面
5FL,Y1,X1,X2,GX1,640,0,250.0,Fc21,,,,上面
5FL,Y1,X2,X3,GX1,640,0,250.0,Fc21,,,,上面
5FL,Y1,X3,X4,GX1,640,0,250.0,Fc21,,,,上面
5FL,Y1,X4,X5,GX1,640,0,250.0,Fc21,,,,上面
5FL,Y1,X5,X6,GX1,640,0,250.0,Fc21,,,,上面
5FL,Y2,X1,X2,GX2,640,640,250.0,Fc21,,,,上面
5FL,Y2,X2,X3,GX3,640,640,250.0,Fc21,,,,上面
5FL,Y2,X3,X4,GX3,640,640,250.0,Fc21,,,,上面
5FL,Y2,X4,X5,GX3,640,640,250.0,Fc21,,,,上面
5FL,Y2,X5,X6,GX2,640,640,250.0,Fc21,,,,上面
5FL,Y3,X1,X2,GX1,0,640,250.0,Fc21,,,,上面
5FL,Y3,X2,X3,GX1,0,640,250.0,Fc21,,,,上面
5FL,Y3,X3,X4,GX1,0,640,250.0,Fc21,,,,上面
5FL,Y3,X5,X6,GX1,0,640,250.0,Fc21,,,,上面
5FL,X1,Y1,YA1,GY3,0,640,250.0,Fc21,,,,上面
5FL,X1,YA1,Y2,GY3,0,640,250.0,Fc21,,,,上面
5FL,X1,Y2,Y3,GY3,0,580,250.0,Fc21,,,,上面
5FL,X2,Y1,Y2,GY1,1306,1309,250.0,Fc21,,,,上面
5FL,X2,Y2,Y3,GY2,580,580,250.0,Fc21,,,,上面
5FL,X3,Y1,Y2,GY1,1309,1309,250.0,Fc21,,,,上面
5FL,X3,Y2,Y3,GY2,580,580,250.0,Fc21,,,,上面
5FL,X4,Y1,Y2,GY1,1309,1309,250.0,Fc21,,,,上面
5FL,X4,Y2,Y3,GY2,580,580,250.0,Fc21,125.0,,,上面
5FL,X5,Y1,Y2,GY1,1309,1306,250.0,Fc21,,,,上面
5FL,X5,Y2,Y3,GY2,580,580,125.0,Fc21,250.0,,,上面
5FL,X6,Y1,YA1,GY3,640,0,250.0,Fc21,,,,上面
5FL,X6,YA1,Y2,GY3,640,0,250.0,Fc21,,,,上面
5FL,X6,Y2,Y3,GY3,580,0,250.0,Fc21,,,,上面
4FL,Y1,X1,X2,GX1,640,0,250.0,Fc21,,,,上面
4FL,Y1,X2,X3,GX1,640,0,250.0,Fc21,,,,上面
4FL,Y1,X3,X4,GX1,640,0,250.0,Fc21,,,,上面
4FL,Y1,X4,X5,GX1,640,0,250.0,Fc21,,,,上面
4FL,Y1,X5,X6,GX1,640,0,250.0,Fc21,,,,上面
4FL,Y2,X1,X2,GX2,640,640,250.0,Fc21,,,,上面
4FL,Y2,X2,X3,GX3,640,640,250.0,Fc21,,,,上面
4FL,Y2,X3,X4,GX3,640,640,250.0,Fc21,,,,上面
4FL,Y2,X4,X5,GX3,640,640,250.0,Fc21,,,,上面
4FL,Y2,X5,X6,GX2,640,640,250.0,Fc21,,,,上面
4FL,Y3,X1,X2,GX1,0,640,250.0,Fc21,,,,上面
4FL,Y3,X2,X3,GX1,0,640,250.0,Fc21,,,,上面
4FL,Y3,X3,X4,GX1,0,640,250.0,Fc21,,,,上面
4FL,Y3,X5,X6,GX1,0,640,250.0,Fc21,,,,上面
4FL,X1,Y1,YA1,GY3,0,640,250.0,Fc21,,,,上面
4FL,X1,YA1,Y2,GY3,0,640,250.0,Fc21,,,,上面
4FL,X1,Y2,Y3,GY3,0,580,250.0,Fc21,,,,上面
4FL,X2,Y1,Y2,GY1,1306,1309,250.0,Fc21,,,,上面
4FL,X2,Y2,Y3,GY2,580,580,250.0,Fc21,,,,上面
4FL,X3,Y1,Y2,GY1,1309,1309,250.0,Fc21,,,,上面
4FL,X3,Y2,Y3,GY2,580,580,250.0,Fc21,,,,上面
4FL,X4,Y1,Y2,GY1,1309,1309,250.0,Fc21,,,,上面
4FL,X4,Y2,Y3,GY2,580,580,250.0,Fc21,125.0,,,上面
4FL,X5,Y1,Y2,GY1,1309,1306,250.0,Fc21,,,,上面
4FL,X5,Y2,Y3,GY2,580,580,125.0,Fc21,250.0,,,上面
4FL,X6,Y1,YA1,GY3,640,0,250.0,Fc21,,,,上面
4FL,X6,YA1,Y2,GY3,640,0,250.0,Fc21,,,,上面
4FL,X6,Y2,Y3,GY3,580,0,250.0,Fc21,,,,上面
3FL,Y1,X1,X2,GX1,640,0,250.0,Fc21,,,,上面
3FL,Y1,X2,X3,GX1,640,0,250.0,Fc21,,,,上面
3FL,Y1,X3,X4,GX1,640,0,250.0,Fc21,,,,上面
3FL,Y1,X4,X5,GX1,640,0,250.0,Fc21,,,,上面
3FL,Y1,X5,X6,GX1,640,0,250.0,Fc21,,,,上面
3FL,Y2,X1,X2,GX2,640,640,250.0,Fc21,,,,上面
3FL,Y2,X2,X3,GX3,640,640,250.0,Fc21,,,,上面
3FL,Y2,X3,X4,GX3,640,640,250.0,Fc21,,,,上面
3FL,Y2,X4,X5,GX3,640,640,250.0,Fc21,,,,上面
3FL,Y2,X5,X6,GX2,640,640,250.0,Fc21,,,,上面
3FL,Y3,X1,X2,GX1,0,640,250.0,Fc21,,,,上面
3FL,Y3,X2,X3,GX1,0,640,250.0,Fc21,,,,上面
3FL,Y3,X3,X4,GX1,0,640,250.0,Fc21,,,,上面
3FL,Y3,X5,X6,GX1,0,640,250.0,Fc21,,,,上面
3FL,X1,Y1,YA1,GY3,0,640,250.0,Fc21,,,,上面
3FL,X1,YA1,Y2,GY3,0,640,250.0,Fc21,,,,上面
3FL,X1,Y2,Y3,GY3,0,580,250.0,Fc21,,,,上面
3FL,X2,Y1,Y2,GY1,1306,1309,250.0,Fc21,,,,上面
3FL,X2,Y2,Y3,GY2,580,580,250.0,Fc21,,,,上面
3FL,X3,Y1,Y2,GY1,1309,1309,250.0,Fc21,,,,上面
3FL,X3,Y2,Y3,GY2,580,580,250.0,Fc21,,,,上面
3FL,X4,Y1,Y2,GY1,1309,1309,250.0,Fc21,,,,上面
3FL,X4,Y2,Y3,GY2,580,580,250.0,Fc21,125.0,,,上面
3FL,X5,Y1,Y2,GY1,1309,1306,250.0,Fc21,,,,上面
3FL,X5,Y2,Y3,GY2,580,580,125.0,Fc21,250.0,,,上面
3FL,X6,Y1,YA1,GY3,640,0,250.0,Fc21,,,,上面
3FL,X6,YA1,Y2,GY3,640,0,250.0,Fc21,,,,上面
3FL,X6,Y2,Y3,GY3,580,0,250.0,Fc21,,,,上面
2FL,Y1,X1,X2,GX1,640,0,250.0,Fc21,,,,上面
2FL,Y1,X2,X3,GX1,640,0,250.0,Fc21,,,,上面
2FL,Y1,X3,X4,GX1,640,0,250.0,Fc21,,,,上面
2FL,Y1,X4,X5,GX1,640,0,250.0,Fc21,,,,上面
2FL,Y1,X5,X6,GX1,640,0,250.0,Fc21,,,,上面
2FL,Y2,X1,X2,GX2,640,640,250.0,Fc21,,,,上面
2FL,Y2,X2,X3,GX3,640,640,250.0,Fc21,,,,上面
2FL,Y2,X3,X4,GX3,640,640,250.0,Fc21,,,,上面
2FL,Y2,X4,X5,GX3,640,640,250.0,Fc21,,,,上面
2FL,Y2,X5,X6,GX2,640,640,250.0,Fc21,,,,上面
2FL,Y3,X1,X2,GX1,0,640,250.0,Fc21,,,,上面
2FL,Y3,X2,X3,GX1,0,640,250.0,Fc21,,,,上面
2FL,Y3,X3,X4,GX1,0,640,250.0,Fc21,,,,上面
2FL,Y3,X5,X6,GX1,0,640,250.0,Fc21,,,,上面
2FL,X1,Y1,YA1,GY3,0,640,250.0,Fc21,,,,上面
2FL,X1,YA1,Y2,GY3,0,640,250.0,Fc21,,,,上面
2FL,X1,Y2,Y3,GY3,0,580,250.0,Fc21,,,,上面
2FL,X2,Y1,Y2,GY1,1306,1309,250.0,Fc21,,,,上面
2FL,X2,Y2,Y3,GY2,580,580,250.0,Fc21,,,,上面
2FL,X3,Y1,Y2,GY1,1309,1309,250.0,Fc21,,,,上面
2FL,X3,Y2,Y3,GY2,580,580,250.0,Fc21,,,,上面
2FL,X4,Y1,Y2,GY1,1309,1309,250.0,Fc21,,,,上面
2FL,X4,Y2,Y3,GY2,580,580,250.0,Fc21,125.0,,,上面
2FL,X5,Y1,Y2,GY1,1309,1306,250.0,Fc21,,,,上面
2FL,X5,Y2,Y3,GY2,580,580,125.0,Fc21,250.0,,,上面
2FL,X6,Y1,YA1,GY3,640,0,250.0,Fc21,,,,上面
2FL,X6,YA1,Y2,GY3,640,0,250.0,Fc21,,,,上面
2FL,X6,Y2,Y3,GY3,580,0,250.0,Fc21,,,,上面

name=梁の結合状態
%層,フレーム,軸,軸,状態(鉛直面内),,状態(水平面内),
%,,,,左端,右端,左端,右端
%,,,,0:ピン，それ以外:固定(*),,,
2FL,Y1,X1,X2,-1,-1,-1,-1
2FL,Y1,X2,X3,-1,-1,-1,-1
2FL,Y1,X3,X4,-1,-1,-1,-1
2FL,Y1,X4,X5,-1,-1,-1,-1
2FL,Y1,X5,X6,-1,-1,-1,-1
3FL,Y1,X1,X2,-1,-1,-1,-1
3FL,Y1,X2,X3,-1,-1,-1,-1
3FL,Y1,X3,X4,-1,-1,-1,-1
3FL,Y1,X4,X5,-1,-1,-1,-1
3FL,Y1,X5,X6,-1,-1,-1,-1
4FL,Y1,X1,X2,-1,-1,-1,-1
4FL,Y1,X2,X3,-1,-1,-1,-1
4FL,Y1,X3,X4,-1,-1,-1,-1
4FL,Y1,X4,X5,-1,-1,-1,-1
4FL,Y1,X5,X6,-1,-1,-1,-1
5FL,Y1,X1,X2,-1,-1,-1,-1
5FL,Y1,X2,X3,-1,-1,-1,-1
5FL,Y1,X3,X4,-1,-1,-1,-1
5FL,Y1,X4,X5,-1,-1,-1,-1
5FL,Y1,X5,X6,-1,-1,-1,-1
6FL,Y1,X1,X2,-1,-1,-1,-1
6FL,Y1,X2,X3,-1,-1,-1,-1
6FL,Y1,X3,X4,-1,-1,-1,-1
6FL,Y1,X4,X5,-1,-1,-1,-1
6FL,Y1,X5,X6,-1,-1,-1,-1
7FL,Y1,X1,X2,-1,-1,-1,-1
7FL,Y1,X2,X3,-1,-1,-1,-1
7FL,Y1,X3,X4,-1,-1,-1,-1
7FL,Y1,X4,X5,-1,-1,-1,-1
7FL,Y1,X5,X6,-1,-1,-1,-1
8FL,Y1,X1,X2,-1,-1,-1,-1
8FL,Y1,X2,X3,-1,-1,-1,-1
8FL,Y1,X3,X4,-1,-1,-1,-1
8FL,Y1,X4,X5,-1,-1,-1,-1
8FL,Y1,X5,X6,-1,-1,-1,-1
9FL,Y1,X1,X2,-1,-1,-1,-1
9FL,Y1,X2,X3,-1,-1,-1,-1
9FL,Y1,X3,X4,-1,-1,-1,-1
9FL,Y1,X4,X5,-1,-1,-1,-1
9FL,Y1,X5,X6,-1,-1,-1,-1
10FL,Y1,X1,X2,-1,-1,-1,-1
10FL,Y1,X2,X3,-1,-1,-1,-1
10FL,Y1,X3,X4,-1,-1,-1,-1
10FL,Y1,X4,X5,-1,-1,-1,-1
10FL,Y1,X5,X6,-1,-1,-1,-1
RFL,Y1,X1,X2,-1,-1,-1,-1
RFL,Y1,X2,X3,-1,-1,-1,-1
RFL,Y1,X3,X4,-1,-1,-1,-1
RFL,Y1,X4,X5,-1,-1,-1,-1
RFL,Y1,X5,X6,-1,-1,-1,-1
2FL,Y2,X1,X2,-1,-1,-1,-1
2FL,Y2,X2,X3,-1,-1,-1,-1
2FL,Y2,X3,X4,-1,-1,-1,-1
2FL,Y2,X4,X5,-1,-1,-1,-1
2FL,Y2,X5,X6,-1,-1,-1,-1
3FL,Y2,X1,X2,-1,-1,-1,-1
3FL,Y2,X2,X3,-1,-1,-1,-1
3FL,Y2,X3,X4,-1,-1,-1,-1
3FL,Y2,X4,X5,-1,-1,-1,-1
3FL,Y2,X5,X6,-1,-1,-1,-1
4FL,Y2,X1,X2,-1,-1,-1,-1
4FL,Y2,X2,X3,-1,-1,-1,-1
4FL,Y2,X3,X4,-1,-1,-1,-1
4FL,Y2,X4,X5,-1,-1,-1,-1
4FL,Y2,X5,X6,-1,-1,-1,-1
5FL,Y2,X1,X2,-1,-1,-1,-1
5FL,Y2,X2,X3,-1,-1,-1,-1
5FL,Y2,X3,X4,-1,-1,-1,-1
5FL,Y2,X4,X5,-1,-1,-1,-1
5FL,Y2,X5,X6,-1,-1,-1,-1
6FL,Y2,X1,X2,-1,-1,-1,-1
6FL,Y2,X2,X3,-1,-1,-1,-1
6FL,Y2,X3,X4,-1,-1,-1,-1
6FL,Y2,X4,X5,-1,-1,-1,-1
6FL,Y2,X5,X6,-1,-1,-1,-1
7FL,Y2,X1,X2,-1,-1,-1,-1
7FL,Y2,X2,X3,-1,-1,-1,-1
7FL,Y2,X3,X4,-1,-1,-1,-1
7FL,Y2,X4,X5,-1,-1,-1,-1
7FL,Y2,X5,X6,-1,-1,-1,-1
8FL,Y2,X1,X2,-1,-1,-1,-1
8FL,Y2,X2,X3,-1,-1,-1,-1
8FL,Y2,X3,X4,-1,-1,-1,-1
8FL,Y2,X4,X5,-1,-1,-1,-1
8FL,Y2,X5,X6,-1,-1,-1,-1
9FL,Y2,X1,X2,-1,-1,-1,-1
9FL,Y2,X2,X3,-1,-1,-1,-1
9FL,Y2,X3,X4,-1,-1,-1,-1
9FL,Y2,X4,X5,-1,-1,-1,-1
9FL,Y2,X5,X6,-1,-1,-1,-1
10FL,Y2,X1,X2,-1,-1,-1,-1
10FL,Y2,X2,X3,-1,-1,-1,-1
10FL,Y2,X3,X4,-1,-1,-1,-1
10FL,Y2,X4,X5,-1,-1,-1,-1
10FL,Y2,X5,X6,-1,-1,-1,-1
RFL,Y2,X1,X2,-1,-1,-1,-1
RFL,Y2,X2,X3,-1,-1,-1,-1
RFL,Y2,X3,X4,-1,-1,-1,-1
RFL,Y2,X4,X5,-1,-1,-1,-1
RFL,Y2,X5,X6,-1,-1,-1,-1
2FL,Y3,X1,X2,-1,-1,-1,-1
2FL,Y3,X2,X3,-1,-1,-1,-1
2FL,Y3,X3,X4,-1,-1,-1,-1
2FL,Y3,X4,X5,-1,-1,-1,-1
2FL,Y3,X5,X6,-1,-1,-1,-1
3FL,Y3,X1,X2,-1,-1,-1,-1
3FL,Y3,X2,X3,-1,-1,-1,-1
3FL,Y3,X3,X4,-1,-1,-1,-1
3FL,Y3,X4,X5,-1,-1,-1,-1
3FL,Y3,X5,X6,-1,-1,-1,-1
4FL,Y3,X1,X2,-1,-1,-1,-1
4FL,Y3,X2,X3,-1,-1,-1,-1
4FL,Y3,X3,X4,-1,-1,-1,-1
4FL,Y3,X4,X5,-1,-1,-1,-1
4FL,Y3,X5,X6,-1,-1,-1,-1
5FL,Y3,X1,X2,-1,-1,-1,-1
5FL,Y3,X2,X3,-1,-1,-1,-1
5FL,Y3,X3,X4,-1,-1,-1,-1
5FL,Y3,X4,X5,-1,-1,-1,-1
5FL,Y3,X5,X6,-1,-1,-1,-1
6FL,Y3,X1,X2,-1,-1,-1,-1
6FL,Y3,X2,X3,-1,-1,-1,-1
6FL,Y3,X3,X4,-1,-1,-1,-1
6FL,Y3,X4,X5,-1,-1,-1,-1
6FL,Y3,X5,X6,-1,-1,-1,-1
7FL,Y3,X1,X2,-1,-1,-1,-1
7FL,Y3,X2,X3,-1,-1,-1,-1
7FL,Y3,X3,X4,-1,-1,-1,-1
7FL,Y3,X4,X5,-1,-1,-1,-1
7FL,Y3,X5,X6,-1,-1,-1,-1
8FL,Y3,X1,X2,-1,-1,-1,-1
8FL,Y3,X2,X3,-1,-1,-1,-1
8FL,Y3,X3,X4,-1,-1,-1,-1
8FL,Y3,X4,X5,-1,-1,-1,-1
8FL,Y3,X5,X6,-1,-1,-1,-1
9FL,Y3,X1,X2,-1,-1,-1,-1
9FL,Y3,X2,X3,-1,-1,-1,-1
9FL,Y3,X3,X4,-1,-1,-1,-1
9FL,Y3,X4,X5,-1,-1,-1,-1
9FL,Y3,X5,X6,-1,-1,-1,-1
10FL,Y3,X1,X2,-1,-1,-1,-1
10FL,Y3,X2,X3,-1,-1,-1,-1
10FL,Y3,X3,X4,-1,-1,-1,-1
10FL,Y3,X4,X5,-1,-1,-1,-1
10FL,Y3,X5,X6,-1,-1,-1,-1
RFL,Y3,X1,X2,-1,-1,-1,-1
RFL,Y3,X2,X3,-1,-1,-1,-1
RFL,Y3,X3,X4,-1,-1,-1,-1
RFL,Y3,X4,X5,-1,-1,-1,-1
RFL,Y3,X5,X6,-1,-1,-1,-1
2FL,X1,Y1,YA1,-1,-1,-1,-1
2FL,X1,YA1,Y2,-1,-1,-1,-1
2FL,X1,Y2,Y3,-1,-1,-1,-1
3FL,X1,Y1,YA1,-1,-1,-1,-1
3FL,X1,YA1,Y2,-1,-1,-1,-1
3FL,X1,Y2,Y3,-1,-1,-1,-1
4FL,X1,Y1,YA1,-1,-1,-1,-1
4FL,X1,YA1,Y2,-1,-1,-1,-1
4FL,X1,Y2,Y3,-1,-1,-1,-1
5FL,X1,Y1,YA1,-1,-1,-1,-1
5FL,X1,YA1,Y2,-1,-1,-1,-1
5FL,X1,Y2,Y3,-1,-1,-1,-1
6FL,X1,Y1,YA1,-1,-1,-1,-1
6FL,X1,YA1,Y2,-1,-1,-1,-1
6FL,X1,Y2,Y3,-1,-1,-1,-1
7FL,X1,Y1,YA1,-1,-1,-1,-1
7FL,X1,YA1,Y2,-1,-1,-1,-1
7FL,X1,Y2,Y3,-1,-1,-1,-1
8FL,X1,Y1,YA1,-1,-1,-1,-1
8FL,X1,YA1,Y2,-1,-1,-1,-1
8FL,X1,Y2,Y3,-1,-1,-1,-1
9FL,X1,Y1,YA1,-1,-1,-1,-1
9FL,X1,YA1,Y2,-1,-1,-1,-1
9FL,X1,Y2,Y3,-1,-1,-1,-1
10FL,X1,Y1,YA1,-1,-1,-1,-1
10FL,X1,YA1,Y2,-1,-1,-1,-1
10FL,X1,Y2,Y3,-1,-1,-1,-1
RFL,X1,Y1,YA1,-1,-1,-1,-1
RFL,X1,YA1,Y2,-1,-1,-1,-1
RFL,X1,Y2,Y3,-1,-1,-1,-1
2FL,X2,Y1,Y2,-1,-1,-1,-1
2FL,X2,Y2,Y3,-1,-1,-1,-1
3FL,X2,Y1,Y2,-1,-1,-1,-1
3FL,X2,Y2,Y3,-1,-1,-1,-1
4FL,X2,Y1,Y2,-1,-1,-1,-1
4FL,X2,Y2,Y3,-1,-1,-1,-1
5FL,X2,Y1,Y2,-1,-1,-1,-1
5FL,X2,Y2,Y3,-1,-1,-1,-1
6FL,X2,Y1,Y2,-1,-1,-1,-1
6FL,X2,Y2,Y3,-1,-1,-1,-1
7FL,X2,Y1,Y2,-1,-1,-1,-1
7FL,X2,Y2,Y3,-1,-1,-1,-1
8FL,X2,Y1,Y2,-1,-1,-1,-1
8FL,X2,Y2,Y3,-1,-1,-1,-1
9FL,X2,Y1,Y2,-1,-1,-1,-1
9FL,X2,Y2,Y3,-1,-1,-1,-1
10FL,X2,Y1,Y2,-1,-1,-1,-1
10FL,X2,Y2,Y3,-1,-1,-1,-1
RFL,X2,Y1,Y2,-1,-1,-1,-1
RFL,X2,Y2,Y3,-1,-1,-1,-1
2FL,X3,Y1,Y2,-1,-1,-1,-1
2FL,X3,Y2,Y3,-1,-1,-1,-1
3FL,X3,Y1,Y2,-1,-1,-1,-1
3FL,X3,Y2,Y3,-1,-1,-1,-1
4FL,X3,Y1,Y2,-1,-1,-1,-1
4FL,X3,Y2,Y3,-1,-1,-1,-1
5FL,X3,Y1,Y2,-1,-1,-1,-1
5FL,X3,Y2,Y3,-1,-1,-1,-1
6FL,X3,Y1,Y2,-1,-1,-1,-1
6FL,X3,Y2,Y3,-1,-1,-1,-1
7FL,X3,Y1,Y2,-1,-1,-1,-1
7FL,X3,Y2,Y3,-1,-1,-1,-1
8FL,X3,Y1,Y2,-1,-1,-1,-1
8FL,X3,Y2,Y3,-1,-1,-1,-1
9FL,X3,Y1,Y2,-1,-1,-1,-1
9FL,X3,Y2,Y3,-1,-1,-1,-1
10FL,X3,Y1,Y2,-1,-1,-1,-1
10FL,X3,Y2,Y3,-1,-1,-1,-1
RFL,X3,Y1,Y2,-1,-1,-1,-1
RFL,X3,Y2,Y3,-1,-1,-1,-1
2FL,X4,Y1,Y2,-1,-1,-1,-1
2FL,X4,Y2,Y3,-1,-1,-1,-1
3FL,X4,Y1,Y2,-1,-1,-1,-1
3FL,X4,Y2,Y3,-1,-1,-1,-1
4FL,X4,Y1,Y2,-1,-1,-1,-1
4FL,X4,Y2,Y3,-1,-1,-1,-1
5FL,X4,Y1,Y2,-1,-1,-1,-1
5FL,X4,Y2,Y3,-1,-1,-1,-1
6FL,X4,Y1,Y2,-1,-1,-1,-1
6FL,X4,Y2,Y3,-1,-1,-1,-1
7FL,X4,Y1,Y2,-1,-1,-1,-1
7FL,X4,Y2,Y3,-1,-1,-1,-1
8FL,X4,Y1,Y2,-1,-1,-1,-1
8FL,X4,Y2,Y3,-1,-1,-1,-1
9FL,X4,Y1,Y2,-1,-1,-1,-1
9FL,X4,Y2,Y3,-1,-1,-1,-1
10FL,X4,Y1,Y2,-1,-1,-1,-1
10FL,X4,Y2,Y3,-1,-1,-1,-1
RFL,X4,Y1,Y2,-1,-1,-1,-1
RFL,X4,Y2,Y3,-1,-1,-1,-1
2FL,X5,Y1,Y2,-1,-1,-1,-1
2FL,X5,Y2,Y3,-1,-1,-1,-1
3FL,X5,Y1,Y2,-1,-1,-1,-1
3FL,X5,Y2,Y3,-1,-1,-1,-1
4FL,X5,Y1,Y2,-1,-1,-1,-1
4FL,X5,Y2,Y3,-1,-1,-1,-1
5FL,X5,Y1,Y2,-1,-1,-1,-1
5FL,X5,Y2,Y3,-1,-1,-1,-1
6FL,X5,Y1,Y2,-1,-1,-1,-1
6FL,X5,Y2,Y3,-1,-1,-1,-1
7FL,X5,Y1,Y2,-1,-1,-1,-1
7FL,X5,Y2,Y3,-1,-1,-1,-1
8FL,X5,Y1,Y2,-1,-1,-1,-1
8FL,X5,Y2,Y3,-1,-1,-1,-1
9FL,X5,Y1,Y2,-1,-1,-1,-1
9FL,X5,Y2,Y3,-1,-1,-1,-1
10FL,X5,Y1,Y2,-1,-1,-1,-1
10FL,X5,Y2,Y3,-1,-1,-1,-1
RFL,X5,Y1,Y2,-1,-1,-1,-1
RFL,X5,Y2,Y3,-1,-1,-1,-1
2FL,X6,Y1,YA1,-1,-1,-1,-1
2FL,X6,YA1,Y2,-1,-1,-1,-1
2FL,X6,Y2,Y3,-1,-1,-1,-1
3FL,X6,Y1,YA1,-1,-1,-1,-1
3FL,X6,YA1,Y2,-1,-1,-1,-1
3FL,X6,Y2,Y3,-1,-1,-1,-1
4FL,X6,Y1,YA1,-1,-1,-1,-1
4FL,X6,YA1,Y2,-1,-1,-1,-1
4FL,X6,Y2,Y3,-1,-1,-1,-1
5FL,X6,Y1,YA1,-1,-1,-1,-1
5FL,X6,YA1,Y2,-1,-1,-1,-1
5FL,X6,Y2,Y3,-1,-1,-1,-1
6FL,X6,Y1,YA1,-1,-1,-1,-1
6FL,X6,YA1,Y2,-1,-1,-1,-1
6FL,X6,Y2,Y3,-1,-1,-1,-1
7FL,X6,Y1,YA1,-1,-1,-1,-1
7FL,X6,YA1,Y2,-1,-1,-1,-1
7FL,X6,Y2,Y3,-1,-1,-1,-1
8FL,X6,Y1,YA1,-1,-1,-1,-1
8FL,X6,YA1,Y2,-1,-1,-1,-1
8FL,X6,Y2,Y3,-1,-1,-1,-1
9FL,X6,Y1,YA1,-1,-1,-1,-1
9FL,X6,YA1,Y2,-1,-1,-1,-1
9FL,X6,Y2,Y3,-1,-1,-1,-1
10FL,X6,Y1,YA1,-1,-1,-1,-1
10FL,X6,YA1,Y2,-1,-1,-1,-1
10FL,X6,Y2,Y3,-1,-1,-1,-1
RFL,X6,Y1,YA1,-1,-1,-1,-1
RFL,X6,YA1,Y2,-1,-1,-1,-1
RFL,X6,Y2,Y3,-1,-1,-1,-1

name=柱の結合状態
%階,X軸,Y軸,結合状態(X),,結合状態(Y),
%,,,柱頭,柱脚,柱頭,柱脚
%,,,0:ピン，それ以外:固定(*),,,
2F,X1,Y1,-1,-1,-1,-1
3F,X1,Y1,-1,-1,-1,-1
4F,X1,Y1,-1,-1,-1,-1
5F,X1,Y1,-1,-1,-1,-1
6F,X1,Y1,-1,-1,-1,-1
7F,X1,Y1,-1,-1,-1,-1
8F,X1,Y1,-1,-1,-1,-1
9F,X1,Y1,-1,-1,-1,-1
10F,X1,Y1,-1,-1,-1,-1
2F,X2,Y1,-1,-1,-1,-1
3F,X2,Y1,-1,-1,-1,-1
4F,X2,Y1,-1,-1,-1,-1
5F,X2,Y1,-1,-1,-1,-1
6F,X2,Y1,-1,-1,-1,-1
7F,X2,Y1,-1,-1,-1,-1
8F,X2,Y1,-1,-1,-1,-1
9F,X2,Y1,-1,-1,-1,-1
10F,X2,Y1,-1,-1,-1,-1
2F,X3,Y1,-1,-1,-1,-1
3F,X3,Y1,-1,-1,-1,-1
4F,X3,Y1,-1,-1,-1,-1
5F,X3,Y1,-1,-1,-1,-1
6F,X3,Y1,-1,-1,-1,-1
7F,X3,Y1,-1,-1,-1,-1
8F,X3,Y1,-1,-1,-1,-1
9F,X3,Y1,-1,-1,-1,-1
10F,X3,Y1,-1,-1,-1,-1
2F,X4,Y1,-1,-1,-1,-1
3F,X4,Y1,-1,-1,-1,-1
4F,X4,Y1,-1,-1,-1,-1
5F,X4,Y1,-1,-1,-1,-1
6F,X4,Y1,-1,-1,-1,-1
7F,X4,Y1,-1,-1,-1,-1
8F,X4,Y1,-1,-1,-1,-1
9F,X4,Y1,-1,-1,-1,-1
10F,X4,Y1,-1,-1,-1,-1
2F,X5,Y1,-1,-1,-1,-1
3F,X5,Y1,-1,-1,-1,-1
4F,X5,Y1,-1,-1,-1,-1
5F,X5,Y1,-1,-1,-1,-1
6F,X5,Y1,-1,-1,-1,-1
7F,X5,Y1,-1,-1,-1,-1
8F,X5,Y1,-1,-1,-1,-1
9F,X5,Y1,-1,-1,-1,-1
10F,X5,Y1,-1,-1,-1,-1
2F,X6,Y1,-1,-1,-1,-1
3F,X6,Y1,-1,-1,-1,-1
4F,X6,Y1,-1,-1,-1,-1
5F,X6,Y1,-1,-1,-1,-1
6F,X6,Y1,-1,-1,-1,-1
7F,X6,Y1,-1,-1,-1,-1
8F,X6,Y1,-1,-1,-1,-1
9F,X6,Y1,-1,-1,-1,-1
10F,X6,Y1,-1,-1,-1,-1
2F,X1,YA1,-1,-1,-1,-1
3F,X1,YA1,-1,-1,-1,-1
4F,X1,YA1,-1,-1,-1,-1
5F,X1,YA1,-1,-1,-1,-1
6F,X1,YA1,-1,-1,-1,-1
7F,X1,YA1,-1,-1,-1,-1
8F,X1,YA1,-1,-1,-1,-1
9F,X1,YA1,-1,-1,-1,-1
10F,X1,YA1,-1,-1,-1,-1
2F,X6,YA1,-1,-1,-1,-1
3F,X6,YA1,-1,-1,-1,-1
4F,X6,YA1,-1,-1,-1,-1
5F,X6,YA1,-1,-1,-1,-1
6F,X6,YA1,-1,-1,-1,-1
7F,X6,YA1,-1,-1,-1,-1
8F,X6,YA1,-1,-1,-1,-1
9F,X6,YA1,-1,-1,-1,-1
10F,X6,YA1,-1,-1,-1,-1
2F,X1,Y2,-1,-1,-1,-1
3F,X1,Y2,-1,-1,-1,-1
4F,X1,Y2,-1,-1,-1,-1
5F,X1,Y2,-1,-1,-1,-1
6F,X1,Y2,-1,-1,-1,-1
7F,X1,Y2,-1,-1,-1,-1
8F,X1,Y2,-1,-1,-1,-1
9F,X1,Y2,-1,-1,-1,-1
10F,X1,Y2,-1,-1,-1,-1
2F,X2,Y2,-1,-1,-1,-1
3F,X2,Y2,-1,-1,-1,-1
4F,X2,Y2,-1,-1,-1,-1
5F,X2,Y2,-1,-1,-1,-1
6F,X2,Y2,-1,-1,-1,-1
7F,X2,Y2,-1,-1,-1,-1
8F,X2,Y2,-1,-1,-1,-1
9F,X2,Y2,-1,-1,-1,-1
10F,X2,Y2,-1,-1,-1,-1
2F,X3,Y2,-1,-1,-1,-1
3F,X3,Y2,-1,-1,-1,-1
4F,X3,Y2,-1,-1,-1,-1
5F,X3,Y2,-1,-1,-1,-1
6F,X3,Y2,-1,-1,-1,-1
7F,X3,Y2,-1,-1,-1,-1
8F,X3,Y2,-1,-1,-1,-1
9F,X3,Y2,-1,-1,-1,-1
10F,X3,Y2,-1,-1,-1,-1
2F,X4,Y2,-1,-1,-1,-1
3F,X4,Y2,-1,-1,-1,-1
4F,X4,Y2,-1,-1,-1,-1
5F,X4,Y2,-1,-1,-1,-1
6F,X4,Y2,-1,-1,-1,-1
7F,X4,Y2,-1,-1,-1,-1
8F,X4,Y2,-1,-1,-1,-1
9F,X4,Y2,-1,-1,-1,-1
10F,X4,Y2,-1,-1,-1,-1
2F,X5,Y2,-1,-1,-1,-1
3F,X5,Y2,-1,-1,-1,-1
4F,X5,Y2,-1,-1,-1,-1
5F,X5,Y2,-1,-1,-1,-1
6F,X5,Y2,-1,-1,-1,-1
7F,X5,Y2,-1,-1,-1,-1
8F,X5,Y2,-1,-1,-1,-1
9F,X5,Y2,-1,-1,-1,-1
10F,X5,Y2,-1,-1,-1,-1
2F,X6,Y2,-1,-1,-1,-1
3F,X6,Y2,-1,-1,-1,-1
4F,X6,Y2,-1,-1,-1,-1
5F,X6,Y2,-1,-1,-1,-1
6F,X6,Y2,-1,-1,-1,-1
7F,X6,Y2,-1,-1,-1,-1
8F,X6,Y2,-1,-1,-1,-1
9F,X6,Y2,-1,-1,-1,-1
10F,X6,Y2,-1,-1,-1,-1
2F,X1,Y3,-1,-1,-1,-1
3F,X1,Y3,-1,-1,-1,-1
4F,X1,Y3,-1,-1,-1,-1
5F,X1,Y3,-1,-1,-1,-1
6F,X1,Y3,-1,-1,-1,-1
7F,X1,Y3,-1,-1,-1,-1
8F,X1,Y3,-1,-1,-1,-1
9F,X1,Y3,-1,-1,-1,-1
10F,X1,Y3,-1,-1,-1,-1
2F,X2,Y3,-1,-1,-1,-1
3F,X2,Y3,-1,-1,-1,-1
4F,X2,Y3,-1,-1,-1,-1
5F,X2,Y3,-1,-1,-1,-1
6F,X2,Y3,-1,-1,-1,-1
7F,X2,Y3,-1,-1,-1,-1
8F,X2,Y3,-1,-1,-1,-1
9F,X2,Y3,-1,-1,-1,-1
10F,X2,Y3,-1,-1,-1,-1
2F,X3,Y3,-1,-1,-1,-1
3F,X3,Y3,-1,-1,-1,-1
4F,X3,Y3,-1,-1,-1,-1
5F,X3,Y3,-1,-1,-1,-1
6F,X3,Y3,-1,-1,-1,-1
7F,X3,Y3,-1,-1,-1,-1
8F,X3,Y3,-1,-1,-1,-1
9F,X3,Y3,-1,-1,-1,-1
10F,X3,Y3,-1,-1,-1,-1
2F,X4,Y3,-1,-1,-1,-1
3F,X4,Y3,-1,-1,-1,-1
4F,X4,Y3,-1,-1,-1,-1
5F,X4,Y3,-1,-1,-1,-1
6F,X4,Y3,-1,-1,-1,-1
7F,X4,Y3,-1,-1,-1,-1
8F,X4,Y3,-1,-1,-1,-1
9F,X4,Y3,-1,-1,-1,-1
10F,X4,Y3,-1,-1,-1,-1
2F,X5,Y3,-1,-1,-1,-1
3F,X5,Y3,-1,-1,-1,-1
4F,X5,Y3,-1,-1,-1,-1
5F,X5,Y3,-1,-1,-1,-1
6F,X5,Y3,-1,-1,-1,-1
7F,X5,Y3,-1,-1,-1,-1
8F,X5,Y3,-1,-1,-1,-1
9F,X5,Y3,-1,-1,-1,-1
10F,X5,Y3,-1,-1,-1,-1
2F,X6,Y3,-1,-1,-1,-1
3F,X6,Y3,-1,-1,-1,-1
4F,X6,Y3,-1,-1,-1,-1
5F,X6,Y3,-1,-1,-1,-1
6F,X6,Y3,-1,-1,-1,-1
7F,X6,Y3,-1,-1,-1,-1
8F,X6,Y3,-1,-1,-1,-1
9F,X6,Y3,-1,-1,-1,-1
10F,X6,Y3,-1,-1,-1,-1

name=荷重ケース
%荷重ケース名,種類(LT/EX+/EX-/EY+/EY-)
G+P,LT
EX+,EX+
EX-,EX-
EY+,EY+
EY-,EY-

name=節点荷重
%荷重ケース,層,X軸,Y軸,Fx,Fy,Fz,Mx,My,Mz
%,,,,N,N,N,N.mm,N.mm,N.mm
G+P,2FL,X1,YA1,0.0,0.0,-64754.4,-0.0,-0.0,0.0
G+P,2FL,X6,YA1,0.0,0.0,-64754.4,-0.0,-0.0,0.0
G+P,3FL,X1,YA1,0.0,0.0,-64815.9,-0.0,-0.0,0.0
G+P,3FL,X6,YA1,0.0,0.0,-64815.9,-0.0,-0.0,0.0
G+P,4FL,X1,YA1,0.0,0.0,-64754.4,-0.0,-0.0,0.0
G+P,4FL,X6,YA1,0.0,0.0,-64754.4,-0.0,-0.0,0.0
G+P,5FL,X1,YA1,0.0,0.0,-64823.5,-0.0,-0.0,0.0
G+P,5FL,X6,YA1,0.0,0.0,-64823.5,-0.0,-0.0,0.0
G+P,6FL,X1,YA1,0.0,0.0,-64846.6,-0.0,-0.0,0.0
G+P,6FL,X6,YA1,0.0,0.0,-64846.6,-0.0,-0.0,0.0
G+P,7FL,X1,YA1,0.0,0.0,-64984.8,-0.0,-0.0,0.0
G+P,7FL,X6,YA1,0.0,0.0,-64984.8,-0.0,-0.0,0.0
G+P,8FL,X1,YA1,0.0,0.0,-64785.1,-0.0,-0.0,0.0
G+P,8FL,X6,YA1,0.0,0.0,-64785.1,-0.0,-0.0,0.0
G+P,9FL,X1,YA1,0.0,0.0,-64570.1,-0.0,-0.0,0.0
G+P,9FL,X6,YA1,0.0,0.0,-64570.1,-0.0,-0.0,0.0
G+P,10FL,X1,YA1,0.0,0.0,-64570.1,-0.0,-0.0,0.0
G+P,10FL,X6,YA1,0.0,0.0,-64570.1,-0.0,-0.0,0.0
G+P,RFL,X1,YA1,0.0,0.0,-75222.3,-0.0,-0.0,0.0
G+P,RFL,X6,YA1,0.0,0.0,-75222.3,-0.0,-0.0,0.0
EX+,RFL,X1,Y1,2746090.3,0.0,0.0,0.0,0.0,0.0
EX+,10FL,X1,Y1,1268770.5,0.0,0.0,0.0,0.0,0.0
EX+,9FL,X1,Y1,1070583.5,0.0,0.0,0.0,0.0,0.0
EX+,8FL,X1,Y1,927071.7,0.0,0.0,0.0,0.0,0.0
EX+,7FL,X1,Y1,801371.6,0.0,0.0,0.0,0.0,0.0
EX+,6FL,X1,Y1,685829.3,0.0,0.0,0.0,0.0,0.0
EX+,5FL,X1,Y1,572410.0,0.0,0.0,0.0,0.0,0.0
EX+,4FL,X1,Y1,461884.3,0.0,0.0,0.0,0.0,0.0
EX+,3FL,X1,Y1,354074.4,0.0,0.0,0.0,0.0,0.0
EX+,2FL,X1,Y1,249251.0,0.0,0.0,0.0,0.0,0.0
EX-,RFL,X1,Y1,-2746090.3,0.0,0.0,0.0,0.0,0.0
EX-,10FL,X1,Y1,-1268770.5,0.0,0.0,0.0,0.0,0.0
EX-,9FL,X1,Y1,-1070583.5,0.0,0.0,0.0,0.0,0.0
EX-,8FL,X1,Y1,-927071.7,0.0,0.0,0.0,0.0,0.0
EX-,7FL,X1,Y1,-801371.6,0.0,0.0,0.0,0.0,0.0
EX-,6FL,X1,Y1,-685829.3,0.0,0.0,0.0,0.0,0.0
EX-,5FL,X1,Y1,-572410.0,0.0,0.0,0.0,0.0,0.0
EX-,4FL,X1,Y1,-461884.3,0.0,0.0,0.0,0.0,0.0
EX-,3FL,X1,Y1,-354074.4,0.0,0.0,0.0,0.0,0.0
EX-,2FL,X1,Y1,-249251.0,0.0,0.0,0.0,0.0,0.0
EY+,RFL,X1,Y1,0.0,2746090.3,0.0,0.0,0.0,0.0
EY+,10FL,X1,Y1,0.0,1268770.5,0.0,0.0,0.0,0.0
EY+,9FL,X1,Y1,0.0,1070583.5,0.0,0.0,0.0,0.0
EY+,8FL,X1,Y1,0.0,927071.7,0.0,0.0,0.0,0.0
EY+,7FL,X1,Y1,0.0,801371.6,0.0,0.0,0.0,0.0
EY+,6FL,X1,Y1,0.0,685829.3,0.0,0.0,0.0,0.0
EY+,5FL,X1,Y1,0.0,572410.0,0.0,0.0,0.0,0.0
EY+,4FL,X1,Y1,0.0,461884.3,0.0,0.0,0.0,0.0
EY+,3FL,X1,Y1,0.0,354074.4,0.0,0.0,0.0,0.0
EY+,2FL,X1,Y1,0.0,249251.0,0.0,0.0,0.0,0.0
EY-,RFL,X1,Y1,-0.0,-2746090.3,0.0,0.0,0.0,0.0
EY-,10FL,X1,Y1,0.0,-1268770.5,0.0,0.0,0.0,0.0
EY-,9FL,X1,Y1,0.0,-1070583.5,0.0,0.0,0.0,0.0
EY-,8FL,X1,Y1,0.0,-927071.7,0.0,0.0,0.0,0.0
EY-,7FL,X1,Y1,0.0,-801371.6,0.0,0.0,0.0,0.0
EY-,6FL,X1,Y1,0.0,-685829.3,0.0,0.0,0.0,0.0
EY-,5FL,X1,Y1,0.0,-572410.0,0.0,0.0,0.0,0.0
EY-,4FL,X1,Y1,0.0,-461884.3,0.0,0.0,0.0,0.0
EY-,3FL,X1,Y1,0.0,-354074.4,0.0,0.0,0.0,0.0
EY-,2FL,X1,Y1,0.0,-249251.0,0.0,0.0,0.0,0.0

name=追加節点荷重
%荷重ケース,層,X軸,Y軸,Fx,Fy,Fz,Mx,My,Mz
%,,,,N,N,N,N.mm,N.mm,N.mm

name=梁要素荷重
%荷重ケース,層,フレーム,軸,軸,Fxi,Fyi,Fzi,Mxi,Myi,Mzi,Fxj,Fyj,Fzj,Mxj,Myj,Mzj,M0
%,,,,,N,N,N,N.mm,N.mm,N.mm,N,N,N,N.mm,N.mm,N.mm,N.mm
G+P,RFL,Y1,X1,X2,0.0,0.0,41166.2,0.0,-51367082.7,0.0,0.0,0.0,41166.2,0.0,51367082.7,0.0,79121877.3
G+P,10FL,Y1,X1,X2,0.0,0.0,35285.3,0.0,-44028928.0,0.0,0.0,0.0,35285.3,0.0,44028928.0,0.0,67818752.0
G+P,9FL,Y1,X1,X2,0.0,0.0,35285.3,0.0,-44028928.0,0.0,0.0,0.0,35285.3,0.0,44028928.0,0.0,67818752.0
G+P,8FL,Y1,X1,X2,0.0,0.0,35404.0,0.0,-44177066.7,0.0,0.0,0.0,35404.0,0.0,44177066.7,0.0,68046933.3
G+P,7FL,Y1,X1,X2,0.0,0.0,35514.2,0.0,-44314624.0,0.0,0.0,0.0,35514.2,0.0,44314624.0,0.0,68258816.0
G+P,6FL,Y1,X1,X2,0.0,0.0,36106.6,0.0,-44932608.0,0.0,0.0,0.0,36106.6,0.0,44932608.0,0.0,69181952.0
G+P,5FL,Y1,X1,X2,0.0,0.0,36093.6,0.0,-44916480.0,0.0,0.0,0.0,36093.6,0.0,44916480.0,0.0,69157120.0
G+P,4FL,Y1,X1,X2,0.0,0.0,36054.7,0.0,-44868096.0,0.0,0.0,0.0,36054.7,0.0,44868096.0,0.0,69082624.0
G+P,3FL,Y1,X1,X2,0.0,0.0,36089.3,0.0,-44911104.0,0.0,0.0,0.0,36089.3,0.0,44911104.0,0.0,69148842.7
G+P,2FL,Y1,X1,X2,0.0,0.0,36054.7,0.0,-44868096.0,0.0,0.0,0.0,36054.7,0.0,44868096.0,0.0,69082624.0
G+P,RFL,Y1,X2,X3,0.0,0.0,41166.2,0.0,-51367082.7,0.0,0.0,0.0,41166.2,0.0,51367082.7,0.0,79121877.3
G+P,10FL,Y1,X2,X3,0.0,0.0,35285.3,0.0,-44028928.0,0.0,0.0,0.0,35285.3,0.0,44028928.0,0.0,67818752.0
G+P,9FL,Y1,X2,X3,0.0,0.0,35285.3,0.0,-44028928.0,0.0,0.0,0.0,35285.3,0.0,44028928.0,0.0,67818752.0
G+P,8FL,Y1,X2,X3,0.0,0.0,35404.0,0.0,-44177066.7,0.0,0.0,0.0,35404.0,0.0,44177066.7,0.0,68046933.3
G+P,7FL,Y1,X2,X3,0.0,0.0,35514.2,0.0,-44314624.0,0.0,0.0,0.0,35514.2,0.0,44314624.0,0.0,68258816.0
G+P,6FL,Y1,X2,X3,0.0,0.0,36106.6,0.0,-44932608.0,0.0,0.0,0.0,36106.6,0.0,44932608.0,0.0,69181952.0
G+P,5FL,Y1,X2,X3,0.0,0.0,36093.6,0.0,-44916480.0,0.0,0.0,0.0,36093.6,0.0,44916480.0,0.0,69157120.0
G+P,4FL,Y1,X2,X3,0.0,0.0,36054.7,0.0,-44868096.0,0.0,0.0,0.0,36054.7,0.0,44868096.0,0.0,69082624.0
G+P,3FL,Y1,X2,X3,0.0,0.0,36089.3,0.0,-44911104.0,0.0,0.0,0.0,36089.3,0.0,44911104.0,0.0,69148842.7
G+P,2FL,Y1,X2,X3,0.0,0.0,36054.7,0.0,-44868096.0,0.0,0.0,0.0,36054.7,0.0,44868096.0,0.0,69082624.0
G+P,RFL,Y1,X3,X4,0.0,0.0,41166.2,0.0,-51367082.7,0.0,0.0,0.0,41166.2,0.0,51367082.7,0.0,79121877.3
G+P,10FL,Y1,X3,X4,0.0,0.0,35285.3,0.0,-44028928.0,0.0,0.0,0.0,35285.3,0.0,44028928.0,0.0,67818752.0
G+P,9FL,Y1,X3,X4,0.0,0.0,35285.3,0.0,-44028928.0,0.0,0.0,0.0,35285.3,0.0,44028928.0,0.0,67818752.0
G+P,8FL,Y1,X3,X4,0.0,0.0,35404.0,0.0,-44177066.7,0.0,0.0,0.0,35404.0,0.0,44177066.7,0.0,68046933.3
G+P,7FL,Y1,X3,X4,0.0,0.0,35514.2,0.0,-44314624.0,0.0,0.0,0.0,35514.2,0.0,44314624.0,0.0,68258816.0
G+P,6FL,Y1,X3,X4,0.0,0.0,36106.6,0.0,-44932608.0,0.0,0.0,0.0,36106.6,0.0,44932608.0,0.0,69181952.0
G+P,5FL,Y1,X3,X4,0.0,0.0,36093.6,0.0,-44916480.0,0.0,0.0,0.0,36093.6,0.0,44916480.0,0.0,69157120.0
G+P,4FL,Y1,X3,X4,0.0,0.0,36054.7,0.0,-44868096.0,0.0,0.0,0.0,36054.7,0.0,44868096.0,0.0,69082624.0
G+P,3FL,Y1,X3,X4,0.0,0.0,36089.3,0.0,-44911104.0,0.0,0.0,0.0,36089.3,0.0,44911104.0,0.0,69148842.7
G+P,2FL,Y1,X3,X4,0.0,0.0,36054.7,0.0,-44868096.0,0.0,0.0,0.0,36054.7,0.0,44868096.0,0.0,69082624.0
G+P,RFL,Y1,X4,X5,0.0,0.0,41166.2,0.0,-51367082.7,0.0,0.0,0.0,41166.2,0.0,51367082.7,0.0,79121877.3
G+P,10FL,Y1,X4,X5,0.0,0.0,35285.3,0.0,-44028928.0,0.0,0.0,0.0,35285.3,0.0,44028928.0,0.0,67818752.0
G+P,9FL,Y1,X4,X5,0.0,0.0,35285.3,0.0,-44028928.0,0.0,0.0,0.0,35285.3,0.0,44028928.0,0.0,67818752.0
G+P,8FL,Y1,X4,X5,0.0,0.0,35404.0,0.0,-44177066.7,0.0,0.0,0.0,35404.0,0.0,44177066.7,0.0,68046933.3
G+P,7FL,Y1,X4,X5,0.0,0.0,35514.2,0.0,-44314624.0,0.0,0.0,0.0,35514.2,0.0,44314624.0,0.0,68258816.0
G+P,6FL,Y1,X4,X5,0.0,0.0,36106.6,0.0,-44932608.0,0.0,0.0,0.0,36106.6,0.0,44932608.0,0.0,69181952.0
G+P,5FL,Y1,X4,X5,0.0,0.0,36093.6,0.0,-44916480.0,0.0,0.0,0.0,36093.6,0.0,44916480.0,0.0,69157120.0
G+P,4FL,Y1,X4,X5,0.0,0.0,36054.7,0.0,-44868096.0,0.0,0.0,0.0,36054.7,0.0,44868096.0,0.0,69082624.0
G+P,3FL,Y1,X4,X5,0.0,0.0,36089.3,0.0,-44911104.0,0.0,0.0,0.0,36089.3,0.0,44911104.0,0.0,69148842.7
G+P,2FL,Y1,X4,X5,0.0,0.0,36054.7,0.0,-44868096.0,0.0,0.0,0.0,36054.7,0.0,44868096.0,0.0,69082624.0
G+P,RFL,Y1,X5,X6,0.0,0.0,41166.2,0.0,-51367082.7,0.0,0.0,0.0,41166.2,0.0,51367082.7,0.0,79121877.3
G+P,10FL,Y1,X5,X6,0.0,0.0,35285.3,0.0,-44028928.0,0.0,0.0,0.0,35285.3,0.0,44028928.0,0.0,67818752.0
G+P,9FL,Y1,X5,X6,0.0,0.0,35285.3,0.0,-44028928.0,0.0,0.0,0.0,35285.3,0.0,44028928.0,0.0,67818752.0
G+P,8FL,Y1,X5,X6,0.0,0.0,35404.0,0.0,-44177066.7,0.0,0.0,0.0,35404.0,0.0,44177066.7,0.0,68046933.3
G+P,7FL,Y1,X5,X6,0.0,0.0,35514.2,0.0,-44314624.0,0.0,0.0,0.0,35514.2,0.0,44314624.0,0.0,68258816.0
G+P,6FL,Y1,X5,X6,0.0,0.0,36106.6,0.0,-44932608.0,0.0,0.0,0.0,36106.6,0.0,44932608.0,0.0,69181952.0
G+P,5FL,Y1,X5,X6,0.0,0.0,36093.6,0.0,-44916480.0,0.0,0.0,0.0,36093.6,0.0,44916480.0,0.0,69157120.0
G+P,4FL,Y1,X5,X6,0.0,0.0,36054.7,0.0,-44868096.0,0.0,0.0,0.0,36054.7,0.0,44868096.0,0.0,69082624.0
G+P,3FL,Y1,X5,X6,0.0,0.0,36089.3,0.0,-44911104.0,0.0,0.0,0.0,36089.3,0.0,44911104.0,0.0,69148842.7
G+P,2FL,Y1,X5,X6,0.0,0.0,36054.7,0.0,-44868096.0,0.0,0.0,0.0,36054.7,0.0,44868096.0,0.0,69082624.0
G+P,RFL,Y2,X1,X2,0.0,0.0,72125.7,0.0,-90903307.2,0.0,0.0,0.0,72125.7,0.0,90903307.2,0.0,140054550.0
G+P,10FL,Y2,X1,X2,0.0,0.0,61822.1,0.0,-77917120.4,0.0,0.0,0.0,61822.1,0.0,77917120.4,0.0,120046757.1
G+P,9FL,Y2,X1,X2,0.0,0.0,61822.1,0.0,-77917120.4,0.0,0.0,0.0,61822.1,0.0,77917120.4,0.0,120046757.1
G+P,8FL,Y2,X1,X2,0.0,0.0,62030.1,0.0,-78179278.5,0.0,0.0,0.0,62030.1,0.0,78179278.5,0.0,120450663.5
G+P,7FL,Y2,X1,X2,0.0,0.0,62223.2,0.0,-78422711.0,0.0,0.0,0.0,62223.2,0.0,78422711.0,0.0,120825719.5
G+P,6FL,Y2,X1,X2,0.0,0.0,62089.5,0.0,-78254180.8,0.0,0.0,0.0,62089.5,0.0,78254180.8,0.0,120566065.4
G+P,5FL,Y2,X1,X2,0.0,0.0,62067.2,0.0,-78226092.4,0.0,0.0,0.0,62067.2,0.0,78226092.4,0.0,120522789.7
G+P,4FL,Y2,X1,X2,0.0,0.0,62000.3,0.0,-78141827.3,0.0,0.0,0.0,62000.3,0.0,78141827.3,0.0,120392962.6
G+P,3FL,Y2,X1,X2,0.0,0.0,62059.8,0.0,-78216729.6,0.0,0.0,0.0,62059.8,0.0,78216729.6,0.0,120508364.5
G+P,2FL,Y2,X1,X2,0.0,0.0,62000.3,0.0,-78141827.3,0.0,0.0,0.0,62000.3,0.0,78141827.3,0.0,120392962.6
G+P,RFL,Y2,X2,X3,0.0,0.0,72125.7,0.0,-90903307.2,0.0,0.0,0.0,72125.7,0.0,90903307.2,0.0,140054550.0
G+P,10FL,Y2,X2,X3,0.0,0.0,61822.1,0.0,-77917120.4,0.0,0.0,0.0,61822.1,0.0,77917120.4,0.0,120046757.1
G+P,9FL,Y2,X2,X3,0.0,0.0,61822.1,0.0,-77917120.4,0.0,0.0,0.0,61822.1,0.0,77917120.4,0.0,120046757.1
G+P,8FL,Y2,X2,X3,0.0,0.0,62030.1,0.0,-78179278.5,0.0,0.0,0.0,62030.1,0.0,78179278.5,0.0,120450663.5
G+P,7FL,Y2,X2,X3,0.0,0.0,62223.2,0.0,-78422711.0,0.0,0.0,0.0,62223.2,0.0,78422711.0,0.0,120825719.5
G+P,6FL,Y2,X2,X3,0.0,0.0,62089.5,0.0,-78254180.8,0.0,0.0,0.0,62089.5,0.0,78254180.8,0.0,120566065.4
G+P,5FL,Y2,X2,X3,0.0,0.0,62067.2,0.0,-78226092.4,0.0,0.0,0.0,62067.2,0.0,78226092.4,0.0,120522789.7
G+P,4FL,Y2,X2,X3,0.0,0.0,62000.3,0.0,-78141827.3,0.0,0.0,0.0,62000.3,0.0,78141827.3,0.0,120392962.6
G+P,3FL,Y2,X2,X3,0.0,0.0,62059.8,0.0,-78216729.6,0.0,0.0,0.0,62059.8,0.0,78216729.6,0.0,120508364.5
G+P,2FL,Y2,X2,X3,0.0,0.0,62000.3,0.0,-78141827.3,0.0,0.0,0.0,62000.3,0.0,78141827.3,0.0,120392962.6
G+P,RFL,Y2,X3,X4,0.0,0.0,72125.7,0.0,-90903307.2,0.0,0.0,0.0,72125.7,0.0,90903307.2,0.0,140054550.0
G+P,10FL,Y2,X3,X4,0.0,0.0,61822.1,0.0,-77917120.4,0.0,0.0,0.0,61822.1,0.0,77917120.4,0.0,120046757.1
G+P,9FL,Y2,X3,X4,0.0,0.0,61822.1,0.0,-77917120.4,0.0,0.0,0.0,61822.1,0.0,77917120.4,0.0,120046757.1
G+P,8FL,Y2,X3,X4,0.0,0.0,62030.1,0.0,-78179278.5,0.0,0.0,0.0,62030.1,0.0,78179278.5,0.0,120450663.5
G+P,7FL,Y2,X3,X4,0.0,0.0,62223.2,0.0,-78422711.0,0.0,0.0,0.0,62223.2,0.0,78422711.0,0.0,120825719.5
G+P,6FL,Y2,X3,X4,0.0,0.0,62089.5,0.0,-78254180.8,0.0,0.0,0.0,62089.5,0.0,78254180.8,0.0,120566065.4
G+P,5FL,Y2,X3,X4,0.0,0.0,62067.2,0.0,-78226092.4,0.0,0.0,0.0,62067.2,0.0,78226092.4,0.0,120522789.7
G+P,4FL,Y2,X3,X4,0.0,0.0,62000.3,0.0,-78141827.3,0.0,0.0,0.0,62000.3,0.0,78141827.3,0.0,120392962.6
G+P,3FL,Y2,X3,X4,0.0,0.0,62059.8,0.0,-78216729.6,0.0,0.0,0.0,62059.8,0.0,78216729.6,0.0,120508364.5
G+P,2FL,Y2,X3,X4,0.0,0.0,62000.3,0.0,-78141827.3,0.0,0.0,0.0,62000.3,0.0,78141827.3,0.0,120392962.6
G+P,RFL,Y2,X4,X5,0.0,0.0,110223.9,0.0,-138662438.9,0.0,0.0,0.0,110223.9,0.0,138662438.9,0.0,213473700.1
G+P,10FL,Y2,X4,X5,0.0,0.0,61822.1,0.0,-77917120.4,0.0,0.0,0.0,61822.1,0.0,77917120.4,0.0,120046757.1
G+P,9FL,Y2,X4,X5,0.0,0.0,61822.1,0.0,-77917120.4,0.0,0.0,0.0,61822.1,0.0,77917120.4,0.0,120046757.1
G+P,8FL,Y2,X4,X5,0.0,0.0,62030.1,0.0,-78179278.5,0.0,0.0,0.0,62030.1,0.0,78179278.5,0.0,120450663.5
G+P,7FL,Y2,X4,X5,0.0,0.0,62223.2,0.0,-78422711.0,0.0,0.0,0.0,62223.2,0.0,78422711.0,0.0,120825719.5
G+P,6FL,Y2,X4,X5,0.0,0.0,62089.5,0.0,-78254180.8,0.0,0.0,0.0,62089.5,0.0,78254180.8,0.0,120566065.4
G+P,5FL,Y2,X4,X5,0.0,0.0,62067.2,0.0,-78226092.4,0.0,0.0,0.0,62067.2,0.0,78226092.4,0.0,120522789.7
G+P,4FL,Y2,X4,X5,0.0,0.0,62000.3,0.0,-78141827.3,0.0,0.0,0.0,62000.3,0.0,78141827.3,0.0,120392962.6
G+P,3FL,Y2,X4,X5,0.0,0.0,62059.8,0.0,-78216729.6,0.0,0.0,0.0,62059.8,0.0,78216729.6,0.0,120508364.5
G+P,2FL,Y2,X4,X5,0.0,0.0,62000.3,0.0,-78141827.3,0.0,0.0,0.0,62000.3,0.0,78141827.3,0.0,120392962.6
G+P,RFL,Y2,X5,X6,0.0,0.0,110223.9,0.0,-138662438.9,0.0,0.0,0.0,110223.9,0.0,138662438.9,0.0,213473700.1
G+P,10FL,Y2,X5,X6,0.0,0.0,61822.1,0.0,-77917120.4,0.0,0.0,0.0,61822.1,0.0,77917120.4,0.0,120046757.1
G+P,9FL,Y2,X5,X6,0.0,0.0,61822.1,0.0,-77917120.4,0.0,0.0,0.0,61822.1,0.0,77917120.4,0.0,120046757.1
G+P,8FL,Y2,X5,X6,0.0,0.0,62030.1,0.0,-78179278.5,0.0,0.0,0.0,62030.1,0.0,78179278.5,0.0,120450663.5
G+P,7FL,Y2,X5,X6,0.0,0.0,62223.2,0.0,-78422711.0,0.0,0.0,0.0,62223.2,0.0,78422711.0,0.0,120825719.5
G+P,6FL,Y2,X5,X6,0.0,0.0,62089.5,0.0,-78254180.8,0.0,0.0,0.0,62089.5,0.0,78254180.8,0.0,120566065.4
G+P,5FL,Y2,X5,X6,0.0,0.0,62067.2,0.0,-78226092.4,0.0,0.0,0.0,62067.2,0.0,78226092.4,0.0,120522789.7
G+P,4FL,Y2,X5,X6,0.0,0.0,62000.3,0.0,-78141827.3,0.0,0.0,0.0,62000.3,0.0,78141827.3,0.0,120392962.6
G+P,3FL,Y2,X5,X6,0.0,0.0,62059.8,0.0,-78216729.6,0.0,0.0,0.0,62059.8,0.0,78216729.6,0.0,120508364.5
G+P,2FL,Y2,X5,X6,0.0,0.0,62000.3,0.0,-78141827.3,0.0,0.0,0.0,62000.3,0.0,78141827.3,0.0,120392962.6
G+P,RFL,Y3,X1,X2,0.0,0.0,38726.8,0.0,-47821237.8,0.0,0.0,0.0,38726.8,0.0,47821237.8,0.0,73360192.6
G+P,10FL,Y3,X1,X2,0.0,0.0,33194.4,0.0,-40989632.4,0.0,0.0,0.0,33194.4,0.0,40989632.4,0.0,62880165.1
G+P,9FL,Y3,X1,X2,0.0,0.0,33194.4,0.0,-40989632.4,0.0,0.0,0.0,33194.4,0.0,40989632.4,0.0,62880165.1
G+P,8FL,Y3,X1,X2,0.0,0.0,33306.1,0.0,-41127545.1,0.0,0.0,0.0,33306.1,0.0,41127545.1,0.0,63091730.2
G+P,7FL,Y3,X1,X2,0.0,0.0,33409.8,0.0,-41255607.0,0.0,0.0,0.0,33409.8,0.0,41255607.0,0.0,63288183.5
G+P,6FL,Y3,X1,X2,0.0,0.0,34006.6,0.0,-41880164.8,0.0,0.0,0.0,34006.6,0.0,41880164.8,0.0,64222001.4
G+P,5FL,Y3,X1,X2,0.0,0.0,33994.4,0.0,-41865132.4,0.0,0.0,0.0,33994.4,0.0,41865132.4,0.0,64198949.7
G+P,4FL,Y3,X1,X2,0.0,0.0,33957.8,0.0,-41820035.3,0.0,0.0,0.0,33957.8,0.0,41820035.3,0.0,64129794.6
G+P,3FL,Y3,X1,X2,0.0,0.0,33990.3,0.0,-41860121.6,0.0,0.0,0.0,33990.3,0.0,41860121.6,0.0,64191265.8
G+P,2FL,Y3,X1,X2,0.0,0.0,33957.8,0.0,-41820035.3,0.0,0.0,0.0,33957.8,0.0,41820035.3,0.0,64129794.6
G+P,RFL,Y3,X2,X3,0.0,0.0,38726.8,0.0,-47821237.8,0.0,0.0,0.0,38726.8,0.0,47821237.8,0.0,73360192.6
G+P,10FL,Y3,X2,X3,0.0,0.0,33194.4,0.0,-40989632.4,0.0,0.0,0.0,33194.4,0.0,40989632.4,0.0,62880165.1
G+P,9FL,Y3,X2,X3,0.0,0.0,33194.4,0.0,-40989632.4,0.0,0.0,0.0,33194.4,0.0,40989632.4,0.0,62880165.1
G+P,8FL,Y3,X2,X3,0.0,0.0,33306.1,0.0,-41127545.1,0.0,0.0,0.0,33306.1,0.0,41127545.1,0.0,63091730.2
G+P,7FL,Y3,X2,X3,0.0,0.0,33409.8,0.0,-41255607.0,0.0,0.0,0.0,33409.8,0.0,41255607.0,0.0,63288183.5
G+P,6FL,Y3,X2,X3,0.0,0.0,34006.6,0.0,-41880164.8,0.0,0.0,0.0,34006.6,0.0,41880164.8,0.0,64222001.4
G+P,5FL,Y3,X2,X3,0.0,0.0,33994.4,0.0,-41865132.4,0.0,0.0,0.0,33994.4,0.0,41865132.4,0.0,64198949.7
G+P,4FL,Y3,X2,X3,0.0,0.0,33957.8,0.0,-41820035.3,0.0,0.0,0.0,33957.8,0.0,41820035.3,0.0,64129794.6
G+P,3FL,Y3,X2,X3,0.0,0.0,33990.3,0.0,-41860121.6,0.0,0.0,0.0,33990.3,0.0,41860121.6,0.0,64191265.8
G+P,2FL,Y3,X2,X3,0.0,0.0,33957.8,0.0,-41820035.3,0.0,0.0,0.0,33957.8,0.0,41820035.3,0.0,64129794.6
G+P,RFL,Y3,X3,X4,0.0,0.0,38726.8,0.0,-47821237.8,0.0,0.0,0.0,38726.8,0.0,47821237.8,0.0,73360192.6
G+P,10FL,Y3,X3,X4,0.0,0.0,33194.4,0.0,-40989632.4,0.0,0.0,0.0,33194.4,0.0,40989632.4,0.0,62880165.1
G+P,9FL,Y3,X3,X4,0.0,0.0,33194.4,0.0,-40989632.4,0.0,0.0,0.0,33194.4,0.0,40989632.4,0.0,62880165.1
G+P,8FL,Y3,X3,X4,0.0,0.0,33306.1,0.0,-41127545.1,0.0,0.0,0.0,33306.1,0.0,41127545.1,0.0,63091730.2
G+P,7FL,Y3,X3,X4,0.0,0.0,33409.8,0.0,-41255607.0,0.0,0.0,0.0,33409.8,0.0,41255607.0,0.0,63288183.5
G+P,6FL,Y3,X3,X4,0.0,0.0,34006.6,0.0,-41880164.8,0.0,0.0,0.0,34006.6,0.0,41880164.8,0.0,64222001.4
G+P,5FL,Y3,X3,X4,0.0,0.0,33994.4,0.0,-41865132.4,0.0,0.0,0.0,33994.4,0.0,41865132.4,0.0,64198949.7
G+P,4FL,Y3,X3,X4,0.0,0.0,33957.8,0.0,-41820035.3,0.0,0.0,0.0,33957.8,0.0,41820035.3,0.0,64129794.6
G+P,3FL,Y3,X3,X4,0.0,0.0,33990.3,0.0,-41860121.6,0.0,0.0,0.0,33990.3,0.0,41860121.6,0.0,64191265.8
G+P,2FL,Y3,X3,X4,0.0,0.0,33957.8,0.0,-41820035.3,0.0,0.0,0.0,33957.8,0.0,41820035.3,0.0,64129794.6
G+P,RFL,Y3,X4,X5,0.0,0.0,81071.3,0.0,-100109862.9,0.0,0.0,0.0,81071.3,0.0,100109862.9,0.0,153573582.8
G+P,10FL,Y3,X4,X5,0.0,0.0,0.0,0.0,-0.0,0.0,0.0,0.0,0.0,0.0,-0.0,0.0,0.0
G+P,9FL,Y3,X4,X5,0.0,0.0,0.0,0.0,-0.0,0.0,0.0,0.0,0.0,0.0,-0.0,0.0,0.0
G+P,8FL,Y3,X4,X5,0.0,0.0,0.0,0.0,-0.0,0.0,0.0,0.0,0.0,0.0,-0.0,0.0,0.0
G+P,7FL,Y3,X4,X5,0.0,0.0,0.0,0.0,-0.0,0.0,0.0,0.0,0.0,0.0,-0.0,0.0,0.0
G+P,6FL,Y3,X4,X5,0.0,0.0,0.0,0.0,-0.0,0.0,0.0,0.0,0.0,0.0,-0.0,0.0,0.0
G+P,5FL,Y3,X4,X5,0.0,0.0,0.0,0.0,-0.0,0.0,0.0,0.0,0.0,0.0,-0.0,0.0,0.0
G+P,4FL,Y3,X4,X5,0.0,0.0,0.0,0.0,-0.0,0.0,0.0,0.0,0.0,0.0,-0.0,0.0,0.0
G+P,3FL,Y3,X4,X5,0.0,0.0,0.0,0.0,-0.0,0.0,0.0,0.0,0.0,0.0,-0.0,0.0,0.0
G+P,2FL,Y3,X4,X5,0.0,0.0,0.0,0.0,-0.0,0.0,0.0,0.0,0.0,0.0,-0.0,0.0,0.0
G+P,RFL,Y3,X5,X6,0.0,0.0,81071.3,0.0,-100109862.9,0.0,0.0,0.0,81071.3,0.0,100109862.9,0.0,153573582.8
G+P,10FL,Y3,X5,X6,0.0,0.0,33194.4,0.0,-40989632.4,0.0,0.0,0.0,33194.4,0.0,40989632.4,0.0,62880165.1
G+P,9FL,Y3,X5,X6,0.0,0.0,33194.4,0.0,-40989632.4,0.0,0.0,0.0,33194.4,0.0,40989632.4,0.0,62880165.1
G+P,8FL,Y3,X5,X6,0.0,0.0,33306.1,0.0,-41127545.1,0.0,0.0,0.0,33306.1,0.0,41127545.1,0.0,63091730.2
G+P,7FL,Y3,X5,X6,0.0,0.0,33409.8,0.0,-41255607.0,0.0,0.0,0.0,33409.8,0.0,41255607.0,0.0,63288183.5
G+P,6FL,Y3,X5,X6,0.0,0.0,34006.6,0.0,-41880164.8,0.0,0.0,0.0,34006.6,0.0,41880164.8,0.0,64222001.4
G+P,5FL,Y3,X5,X6,0.0,0.0,33994.4,0.0,-41865132.4,0.0,0.0,0.0,33994.4,0.0,41865132.4,0.0,64198949.7
G+P,4FL,Y3,X5,X6,0.0,0.0,33957.8,0.0,-41820035.3,0.0,0.0,0.0,33957.8,0.0,41820035.3,0.0,64129794.6
G+P,3FL,Y3,X5,X6,0.0,0.0,33990.3,0.0,-41860121.6,0.0,0.0,0.0,33990.3,0.0,41860121.6,0.0,64191265.8
G+P,2FL,Y3,X5,X6,0.0,0.0,33957.8,0.0,-41820035.3,0.0,0.0,0.0,33957.8,0.0,41820035.3,0.0,64129794.6
G+P,RFL,X1,Y1,YA1,0.0,0.0,66349.8,0.0,-92489354.8,0.0,0.0,0.0,66349.8,0.0,92489354.8,0.0,166337429.7
G+P,10FL,X1,Y1,YA1,0.0,0.0,56918.2,0.0,-79351690.8,0.0,0.0,0.0,56918.2,0.0,79351690.8,0.0,142725141.7
G+P,9FL,X1,Y1,YA1,0.0,0.0,56918.2,0.0,-79351690.8,0.0,0.0,0.0,56918.2,0.0,79351690.8,0.0,142725141.7
G+P,8FL,X1,Y1,YA1,0.0,0.0,57108.6,0.0,-79616906.8,0.0,0.0,0.0,57108.6,0.0,79616906.8,0.0,143201813.7
G+P,7FL,X1,Y1,YA1,0.0,0.0,57285.4,0.0,-79863178.8,0.0,0.0,0.0,57285.4,0.0,79863178.8,0.0,143644437.7
G+P,6FL,X1,Y1,YA1,0.0,0.0,57163.0,0.0,-79692682.8,0.0,0.0,0.0,57163.0,0.0,79692682.8,0.0,143338005.7
G+P,5FL,X1,Y1,YA1,0.0,0.0,57142.6,0.0,-79664266.8,0.0,0.0,0.0,57142.6,0.0,79664266.8,0.0,143286933.7
G+P,4FL,X1,Y1,YA1,0.0,0.0,57081.4,0.0,-79579018.8,0.0,0.0,0.0,57081.4,0.0,79579018.8,0.0,143133717.7
G+P,3FL,X1,Y1,YA1,0.0,0.0,57135.8,0.0,-79654794.8,0.0,0.0,0.0,57135.8,0.0,79654794.8,0.0,143269909.7
G+P,2FL,X1,Y1,YA1,0.0,0.0,57081.4,0.0,-79579018.8,0.0,0.0,0.0,57081.4,0.0,79579018.8,0.0,143133717.7
G+P,RFL,X1,YA1,Y2,0.0,0.0,66349.8,0.0,-92489354.8,0.0,0.0,0.0,66349.8,0.0,92489354.8,0.0,166337429.7
G+P,10FL,X1,YA1,Y2,0.0,0.0,56918.2,0.0,-79351690.8,0.0,0.0,0.0,56918.2,0.0,79351690.8,0.0,142725141.7
G+P,9FL,X1,YA1,Y2,0.0,0.0,56918.2,0.0,-79351690.8,0.0,0.0,0.0,56918.2,0.0,79351690.8,0.0,142725141.7
G+P,8FL,X1,YA1,Y2,0.0,0.0,57108.6,0.0,-79616906.8,0.0,0.0,0.0,57108.6,0.0,79616906.8,0.0,143201813.7
G+P,7FL,X1,YA1,Y2,0.0,0.0,57285.4,0.0,-79863178.8,0.0,0.0,0.0,57285.4,0.0,79863178.8,0.0,143644437.7
G+P,6FL,X1,YA1,Y2,0.0,0.0,57163.0,0.0,-79692682.8,0.0,0.0,0.0,57163.0,0.0,79692682.8,0.0,143338005.7
G+P,5FL,X1,YA1,Y2,0.0,0.0,57142.6,0.0,-79664266.8,0.0,0.0,0.0,57142.6,0.0,79664266.8,0.0,143286933.7
G+P,4FL,X1,YA1,Y2,0.0,0.0,57081.4,0.0,-79579018.8,0.0,0.0,0.0,57081.4,0.0,79579018.8,0.0,143133717.7
G+P,3FL,X1,YA1,Y2,0.0,0.0,57135.8,0.0,-79654794.8,0.0,0.0,0.0,57135.8,0.0,79654794.8,0.0,143269909.7
G+P,2FL,X1,YA1,Y2,0.0,0.0,57081.4,0.0,-79579018.8,0.0,0.0,0.0,57081.4,0.0,79579018.8,0.0,143133717.7
G+P,RFL,X1,Y2,Y3,0.0,0.0,59104.4,0.0,-75367248.4,0.0,0.0,0.0,59104.4,0.0,75367248.4,0.0,136700440.8
G+P,10FL,X1,Y2,Y3,0.0,0.0,50707.9,0.0,-64668558.9,0.0,0.0,0.0,50707.9,0.0,64668558.9,0.0,117307926.9
G+P,9FL,X1,Y2,Y3,0.0,0.0,50707.9,0.0,-64668558.9,0.0,0.0,0.0,50707.9,0.0,64668558.9,0.0,117307926.9
G+P,8FL,X1,Y2,Y3,0.0,0.0,50877.4,0.0,-64884538.2,0.0,0.0,0.0,50877.4,0.0,64884538.2,0.0,117699412.4
G+P,7FL,X1,Y2,Y3,0.0,0.0,51034.8,0.0,-65085090.4,0.0,0.0,0.0,51034.8,0.0,65085090.4,0.0,118062934.6
G+P,6FL,X1,Y2,Y3,0.0,0.0,50925.8,0.0,-64946246.6,0.0,0.0,0.0,50925.8,0.0,64946246.6,0.0,117811265.4
G+P,5FL,X1,Y2,Y3,0.0,0.0,50907.6,0.0,-64923106.0,0.0,0.0,0.0,50907.6,0.0,64923106.0,0.0,117769320.5
G+P,4FL,X1,Y2,Y3,0.0,0.0,50853.2,0.0,-64853684.0,0.0,0.0,0.0,50853.2,0.0,64853684.0,0.0,117643485.9
G+P,3FL,X1,Y2,Y3,0.0,0.0,50901.6,0.0,-64915392.4,0.0,0.0,0.0,50901.6,0.0,64915392.4,0.0,117755338.9
G+P,2FL,X1,Y2,Y3,0.0,0.0,50853.2,0.0,-64853684.0,0.0,0.0,0.0,50853.2,0.0,64853684.0,0.0,117643485.9
G+P,RFL,X2,Y1,Y2,0.0,0.0,325086.9,0.0,-817188375.0,0.0,0.0,0.0,325086.9,0.0,817188375.0,0.0,1280989357.3
G+P,10FL,X2,Y1,Y2,0.0,0.0,278927.6,0.0,-701198188.3,0.0,0.0,0.0,278927.6,0.0,701198188.3,0.0,1099192493.3
G+P,9FL,X2,Y1,Y2,0.0,0.0,278927.6,0.0,-701198188.3,0.0,0.0,0.0,278927.6,0.0,701198188.3,0.0,1099192493.3
G+P,8FL,X2,Y1,Y2,0.0,0.0,279859.4,0.0,-703539735.0,0.0,0.0,0.0,279859.4,0.0,703539735.0,0.0,1102862509.3
G+P,7FL,X2,Y1,Y2,0.0,0.0,280724.7,0.0,-705714028.3,0.0,0.0,0.0,280724.7,0.0,705714028.3,0.0,1106270381.3
G+P,6FL,X2,Y1,Y2,0.0,0.0,280125.6,0.0,-704208748.3,0.0,0.0,0.0,280125.6,0.0,704208748.3,0.0,1103911085.3
G+P,5FL,X2,Y1,Y2,0.0,0.0,280025.8,0.0,-703957868.3,0.0,0.0,0.0,280025.8,0.0,703957868.3,0.0,1103517869.3
G+P,4FL,X2,Y1,Y2,0.0,0.0,279726.3,0.0,-703205228.3,0.0,0.0,0.0,279726.3,0.0,703205228.3,0.0,1102338221.3
G+P,3FL,X2,Y1,Y2,0.0,0.0,279992.5,0.0,-703874241.7,0.0,0.0,0.0,279992.5,0.0,703874241.7,0.0,1103386797.3
G+P,2FL,X2,Y1,Y2,0.0,0.0,279726.3,0.0,-703205228.3,0.0,0.0,0.0,279726.3,0.0,703205228.3,0.0,1102338221.3
G+P,RFL,X2,Y2,Y3,0.0,0.0,111169.8,0.0,-143930106.0,0.0,0.0,0.0,111169.8,0.0,143930106.0,0.0,263194295.3
G+P,10FL,X2,Y2,Y3,0.0,0.0,95382.3,0.0,-123504782.8,0.0,0.0,0.0,95382.3,0.0,123504782.8,0.0,225867351.3
G+P,9FL,X2,Y2,Y3,0.0,0.0,95382.3,0.0,-123504782.8,0.0,0.0,0.0,95382.3,0.0,123504782.8,0.0,225867351.3
G+P,8FL,X2,Y2,Y3,0.0,0.0,95701.0,0.0,-123917118.1,0.0,0.0,0.0,95701.0,0.0,123917118.1,0.0,226620887.3
G+P,7FL,X2,Y2,Y3,0.0,0.0,95997.0,0.0,-124300000.9,0.0,0.0,0.0,95997.0,0.0,124300000.9,0.0,227320599.3
G+P,6FL,X2,Y2,Y3,0.0,0.0,95792.1,0.0,-124034928.2,0.0,0.0,0.0,95792.1,0.0,124034928.2,0.0,226836183.3
G+P,5FL,X2,Y2,Y3,0.0,0.0,95757.9,0.0,-123990749.4,0.0,0.0,0.0,95757.9,0.0,123990749.4,0.0,226755447.3
G+P,4FL,X2,Y2,Y3,0.0,0.0,95655.5,0.0,-123858213.1,0.0,0.0,0.0,95655.5,0.0,123858213.1,0.0,226513239.3
G+P,3FL,X2,Y2,Y3,0.0,0.0,95746.5,0.0,-123976023.2,0.0,0.0,0.0,95746.5,0.0,123976023.2,0.0,226728535.3
G+P,2FL,X2,Y2,Y3,0.0,0.0,95655.5,0.0,-123858213.1,0.0,0.0,0.0,95655.5,0.0,123858213.1,0.0,226513239.3
G+P,RFL,X3,Y1,Y2,0.0,0.0,325086.9,0.0,-817188375.0,0.0,0.0,0.0,325086.9,0.0,817188375.0,0.0,1280989357.3
G+P,10FL,X3,Y1,Y2,0.0,0.0,278927.6,0.0,-701198188.3,0.0,0.0,0.0,278927.6,0.0,701198188.3,0.0,1099192493.3
G+P,9FL,X3,Y1,Y2,0.0,0.0,278927.6,0.0,-701198188.3,0.0,0.0,0.0,278927.6,0.0,701198188.3,0.0,1099192493.3
G+P,8FL,X3,Y1,Y2,0.0,0.0,279859.4,0.0,-703539735.0,0.0,0.0,0.0,279859.4,0.0,703539735.0,0.0,1102862509.3
G+P,7FL,X3,Y1,Y2,0.0,0.0,280724.7,0.0,-705714028.3,0.0,0.0,0.0,280724.7,0.0,705714028.3,0.0,1106270381.3
G+P,6FL,X3,Y1,Y2,0.0,0.0,280125.6,0.0,-704208748.3,0.0,0.0,0.0,280125.6,0.0,704208748.3,0.0,1103911085.3
G+P,5FL,X3,Y1,Y2,0.0,0.0,280025.8,0.0,-703957868.3,0.0,0.0,0.0,280025.8,0.0,703957868.3,0.0,1103517869.3
G+P,4FL,X3,Y1,Y2,0.0,0.0,279726.3,0.0,-703205228.3,0.0,0.0,0.0,279726.3,0.0,703205228.3,0.0,1102338221.3
G+P,3FL,X3,Y1,Y2,0.0,0.0,279992.5,0.0,-703874241.7,0.0,0.0,0.0,279992.5,0.0,703874241.7,0.0,1103386797.3
G+P,2FL,X3,Y1,Y2,0.0,0.0,279726.3,0.0,-703205228.3,0.0,0.0,0.0,279726.3,0.0,703205228.3,0.0,1102338221.3
G+P,RFL,X3,Y2,Y3,0.0,0.0,111169.8,0.0,-143930106.0,0.0,0.0,0.0,111169.8,0.0,143930106.0,0.0,263194295.3
G+P,10FL,X3,Y2,Y3,0.0,0.0,95382.3,0.0,-123504782.8,0.0,0.0,0.0,95382.3,0.0,123504782.8,0.0,225867351.3
G+P,9FL,X3,Y2,Y3,0.0,0.0,95382.3,0.0,-123504782.8,0.0,0.0,0.0,95382.3,0.0,123504782.8,0.0,225867351.3
G+P,8FL,X3,Y2,Y3,0.0,0.0,95701.0,0.0,-123917118.1,0.0,0.0,0.0,95701.0,0.0,123917118.1,0.0,226620887.3
G+P,7FL,X3,Y2,Y3,0.0,0.0,95997.0,0.0,-124300000.9,0.0,0.0,0.0,95997.0,0.0,124300000.9,0.0,227320599.3
G+P,6FL,X3,Y2,Y3,0.0,0.0,95792.1,0.0,-124034928.2,0.0,0.0,0.0,95792.1,0.0,124034928.2,0.0,226836183.3
G+P,5FL,X3,Y2,Y3,0.0,0.0,95757.9,0.0,-123990749.4,0.0,0.0,0.0,95757.9,0.0,123990749.4,0.0,226755447.3
G+P,4FL,X3,Y2,Y3,0.0,0.0,95655.5,0.0,-123858213.1,0.0,0.0,0.0,95655.5,0.0,123858213.1,0.0,226513239.3
G+P,3FL,X3,Y2,Y3,0.0,0.0,95746.5,0.0,-123976023.2,0.0,0.0,0.0,95746.5,0.0,123976023.2,0.0,226728535.3
G+P,2FL,X3,Y2,Y3,0.0,0.0,95655.5,0.0,-123858213.1,0.0,0.0,0.0,95655.5,0.0,123858213.1,0.0,226513239.3
G+P,RFL,X4,Y1,Y2,0.0,0.0,325086.9,0.0,-817188375.0,0.0,0.0,0.0,325086.9,0.0,817188375.0,0.0,1280989357.3
G+P,10FL,X4,Y1,Y2,0.0,0.0,278927.6,0.0,-701198188.3,0.0,0.0,0.0,278927.6,0.0,701198188.3,0.0,1099192493.3
G+P,9FL,X4,Y1,Y2,0.0,0.0,278927.6,0.0,-701198188.3,0.0,0.0,0.0,278927.6,0.0,701198188.3,0.0,1099192493.3
G+P,8FL,X4,Y1,Y2,0.0,0.0,279859.4,0.0,-703539735.0,0.0,0.0,0.0,279859.4,0.0,703539735.0,0.0,1102862509.3
G+P,7FL,X4,Y1,Y2,0.0,0.0,280724.7,0.0,-705714028.3,0.0,0.0,0.0,280724.7,0.0,705714028.3,0.0,1106270381.3
G+P,6FL,X4,Y1,Y2,0.0,0.0,280125.6,0.0,-704208748.3,0.0,0.0,0.0,280125.6,0.0,704208748.3,0.0,1103911085.3
G+P,5FL,X4,Y1,Y2,0.0,0.0,280025.8,0.0,-703957868.3,0.0,0.0,0.0,280025.8,0.0,703957868.3,0.0,1103517869.3
G+P,4FL,X4,Y1,Y2,0.0,0.0,279726.3,0.0,-703205228.3,0.0,0.0,0.0,279726.3,0.0,703205228.3,0.0,1102338221.3
G+P,3FL,X4,Y1,Y2,0.0,0.0,279992.5,0.0,-703874241.7,0.0,0.0,0.0,279992.5,0.0,703874241.7,0.0,1103386797.3
G+P,2FL,X4,Y1,Y2,0.0,0.0,279726.3,0.0,-703205228.3,0.0,0.0,0.0,279726.3,0.0,703205228.3,0.0,1102338221.3
G+P,RFL,X4,Y2,Y3,0.0,0.0,171588.1,0.0,-222097096.3,0.0,0.0,0.0,171588.1,0.0,222097096.3,0.0,406043191.3
G+P,10FL,X4,Y2,Y3,0.0,0.0,78673.6,0.0,-98707617.6,0.0,0.0,0.0,69076.7,0.0,91872850.0,0.0,173994764.9
G+P,9FL,X4,Y2,Y3,0.0,0.0,78673.6,0.0,-98707617.6,0.0,0.0,0.0,69076.7,0.0,91872850.0,0.0,173994764.9
G+P,8FL,X4,Y2,Y3,0.0,0.0,78936.1,0.0,-99036520.9,0.0,0.0,0.0,69306.9,0.0,92178757.2,0.0,174573771.6
G+P,7FL,X4,Y2,Y3,0.0,0.0,79179.8,0.0,-99341931.2,0.0,0.0,0.0,69520.6,0.0,92462814.0,0.0,175111420.8
G+P,6FL,X4,Y2,Y3,0.0,0.0,79011.1,0.0,-99130493.3,0.0,0.0,0.0,69372.6,0.0,92266159.3,0.0,174739202.1
G+P,5FL,X4,Y2,Y3,0.0,0.0,78983.0,0.0,-99095253.7,0.0,0.0,0.0,69348.0,0.0,92233383.5,0.0,174677165.7
G+P,4FL,X4,Y2,Y3,0.0,0.0,78898.6,0.0,-98989534.7,0.0,0.0,0.0,69274.0,0.0,92135056.2,0.0,174491056.4
G+P,3FL,X4,Y2,Y3,0.0,0.0,78973.6,0.0,-99083507.1,0.0,0.0,0.0,69339.7,0.0,92222458.3,0.0,174656486.9
G+P,2FL,X4,Y2,Y3,0.0,0.0,78898.6,0.0,-98989534.7,0.0,0.0,0.0,69274.0,0.0,92135056.2,0.0,174491056.4
G+P,RFL,X5,Y1,Y2,0.0,0.0,325086.9,0.0,-817188375.0,0.0,0.0,0.0,325086.9,0.0,817188375.0,0.0,1280989357.3
G+P,10FL,X5,Y1,Y2,0.0,0.0,278927.6,0.0,-701198188.3,0.0,0.0,0.0,278927.6,0.0,701198188.3,0.0,1099192493.3
G+P,9FL,X5,Y1,Y2,0.0,0.0,278927.6,0.0,-701198188.3,0.0,0.0,0.0,278927.6,0.0,701198188.3,0.0,1099192493.3
G+P,8FL,X5,Y1,Y2,0.0,0.0,279859.4,0.0,-703539735.0,0.0,0.0,0.0,279859.4,0.0,703539735.0,0.0,1102862509.3
G+P,7FL,X5,Y1,Y2,0.0,0.0,280724.7,0.0,-705714028.3,0.0,0.0,0.0,280724.7,0.0,705714028.3,0.0,1106270381.3
G+P,6FL,X5,Y1,Y2,0.0,0.0,280125.6,0.0,-704208748.3,0.0,0.0,0.0,280125.6,0.0,704208748.3,0.0,1103911085.3
G+P,5FL,X5,Y1,Y2,0.0,0.0,280025.8,0.0,-703957868.3,0.0,0.0,0.0,280025.8,0.0,703957868.3,0.0,1103517869.3
G+P,4FL,X5,Y1,Y2,0.0,0.0,279726.3,0.0,-703205228.3,0.0,0.0,0.0,279726.3,0.0,703205228.3,0.0,1102338221.3
G+P,3FL,X5,Y1,Y2,0.0,0.0,279992.5,0.0,-703874241.7,0.0,0.0,0.0,279992.5,0.0,703874241.7,0.0,1103386797.3
G+P,2FL,X5,Y1,Y2,0.0,0.0,279726.3,0.0,-703205228.3,0.0,0.0,0.0,279726.3,0.0,703205228.3,0.0,1102338221.3
G+P,RFL,X5,Y2,Y3,0.0,0.0,232006.4,0.0,-300264086.6,0.0,0.0,0.0,232006.4,0.0,300264086.6,0.0,548892087.3
G+P,10FL,X5,Y2,Y3,0.0,0.0,78673.6,0.0,-98707617.6,0.0,0.0,0.0,69076.7,0.0,91872850.0,0.0,173994764.9
G+P,9FL,X5,Y2,Y3,0.0,0.0,78673.6,0.0,-98707617.6,0.0,0.0,0.0,69076.7,0.0,91872850.0,0.0,173994764.9
G+P,8FL,X5,Y2,Y3,0.0,0.0,78936.1,0.0,-99036520.9,0.0,0.0,0.0,69306.9,0.0,92178757.2,0.0,174573771.6
G+P,7FL,X5,Y2,Y3,0.0,0.0,79179.8,0.0,-99341931.2,0.0,0.0,0.0,69520.6,0.0,92462814.0,0.0,175111420.8
G+P,6FL,X5,Y2,Y3,0.0,0.0,79011.1,0.0,-99130493.3,0.0,0.0,0.0,69372.6,0.0,92266159.3,0.0,174739202.1
G+P,5FL,X5,Y2,Y3,0.0,0.0,78983.0,0.0,-99095253.7,0.0,0.0,0.0,69348.0,0.0,92233383.5,0.0,174677165.7
G+P,4FL,X5,Y2,Y3,0.0,0.0,78898.6,0.0,-98989534.7,0.0,0.0,0.0,69274.0,0.0,92135056.2,0.0,174491056.4
G+P,3FL,X5,Y2,Y3,0.0,0.0,78973.6,0.0,-99083507.1,0.0,0.0,0.0,69339.7,0.0,92222458.3,0.0,174656486.9
G+P,2FL,X5,Y2,Y3,0.0,0.0,78898.6,0.0,-98989534.7,0.0,0.0,0.0,69274.0,0.0,92135056.2,0.0,174491056.4
G+P,RFL,X6,Y1,YA1,0.0,0.0,66349.8,0.0,-92489354.8,0.0,0.0,0.0,66349.8,0.0,92489354.8,0.0,166337429.7
G+P,10FL,X6,Y1,YA1,0.0,0.0,56918.2,0.0,-79351690.8,0.0,0.0,0.0,56918.2,0.0,79351690.8,0.0,142725141.7
G+P,9FL,X6,Y1,YA1,0.0,0.0,56918.2,0.0,-79351690.8,0.0,0.0,0.0,56918.2,0.0,79351690.8,0.0,142725141.7
G+P,8FL,X6,Y1,YA1,0.0,0.0,57108.6,0.0,-79616906.8,0.0,0.0,0.0,57108.6,0.0,79616906.8,0.0,143201813.7
G+P,7FL,X6,Y1,YA1,0.0,0.0,57285.4,0.0,-79863178.8,0.0,0.0,0.0,57285.4,0.0,79863178.8,0.0,143644437.7
G+P,6FL,X6,Y1,YA1,0.0,0.0,57163.0,0.0,-79692682.8,0.0,0.0,0.0,57163.0,0.0,79692682.8,0.0,143338005.7
G+P,5FL,X6,Y1,YA1,0.0,0.0,57142.6,0.0,-79664266.8,0.0,0.0,0.0,57142.6,0.0,79664266.8,0.0,143286933.7
G+P,4FL,X6,Y1,YA1,0.0,0.0,57081.4,0.0,-79579018.8,0.0,0.0,0.0,57081.4,0.0,79579018.8,0.0,143133717.7
G+P,3FL,X6,Y1,YA1,0.0,0.0,57135.8,0.0,-79654794.8,0.0,0.0,0.0,57135.8,0.0,79654794.8,0.0,143269909.7
G+P,2FL,X6,Y1,YA1,0.0,0.0,57081.4,0.0,-79579018.8,0.0,0.0,0.0,57081.4,0.0,79579018.8,0.0,143133717.7
G+P,RFL,X6,YA1,Y2,0.0,0.0,66349.8,0.0,-92489354.8,0.0,0.0,0.0,66349.8,0.0,92489354.8,0.0,166337429.7
G+P,10FL,X6,YA1,Y2,0.0,0.0,56918.2,0.0,-79351690.8,0.0,0.0,0.0,56918.2,0.0,79351690.8,0.0,142725141.7
G+P,9FL,X6,YA1,Y2,0.0,0.0,56918.2,0.0,-79351690.8,0.0,0.0,0.0,56918.2,0.0,79351690.8,0.0,142725141.7
G+P,8FL,X6,YA1,Y2,0.0,0.0,57108.6,0.0,-79616906.8,0.0,0.0,0.0,57108.6,0.0,79616906.8,0.0,143201813.7
G+P,7FL,X6,YA1,Y2,0.0,0.0,57285.4,0.0,-79863178.8,0.0,0.0,0.0,57285.4,0.0,79863178.8,0.0,143644437.7
G+P,6FL,X6,YA1,Y2,0.0,0.0,57163.0,0.0,-79692682.8,0.0,0.0,0.0,57163.0,0.0,79692682.8,0.0,143338005.7
G+P,5FL,X6,YA1,Y2,0.0,0.0,57142.6,0.0,-79664266.8,0.0,0.0,0.0,57142.6,0.0,79664266.8,0.0,143286933.7
G+P,4FL,X6,YA1,Y2,0.0,0.0,57081.4,0.0,-79579018.8,0.0,0.0,0.0,57081.4,0.0,79579018.8,0.0,143133717.7
G+P,3FL,X6,YA1,Y2,0.0,0.0,57135.8,0.0,-79654794.8,0.0,0.0,0.0,57135.8,0.0,79654794.8,0.0,143269909.7
G+P,2FL,X6,YA1,Y2,0.0,0.0,57081.4,0.0,-79579018.8,0.0,0.0,0.0,57081.4,0.0,79579018.8,0.0,143133717.7
G+P,RFL,X6,Y2,Y3,0.0,0.0,123371.0,0.0,-157254262.1,0.0,0.0,0.0,123371.0,0.0,157254262.1,0.0,285129371.8
G+P,10FL,X6,Y2,Y3,0.0,0.0,50707.9,0.0,-64668558.9,0.0,0.0,0.0,50707.9,0.0,64668558.9,0.0,117307926.9
G+P,9FL,X6,Y2,Y3,0.0,0.0,50707.9,0.0,-64668558.9,0.0,0.0,0.0,50707.9,0.0,64668558.9,0.0,117307926.9
G+P,8FL,X6,Y2,Y3,0.0,0.0,50877.4,0.0,-64884538.2,0.0,0.0,0.0,50877.4,0.0,64884538.2,0.0,117699412.4
G+P,7FL,X6,Y2,Y3,0.0,0.0,51034.8,0.0,-65085090.4,0.0,0.0,0.0,51034.8,0.0,65085090.4,0.0,118062934.6
G+P,6FL,X6,Y2,Y3,0.0,0.0,50925.8,0.0,-64946246.6,0.0,0.0,0.0,50925.8,0.0,64946246.6,0.0,117811265.4
G+P,5FL,X6,Y2,Y3,0.0,0.0,50907.6,0.0,-64923106.0,0.0,0.0,0.0,50907.6,0.0,64923106.0,0.0,117769320.5
G+P,4FL,X6,Y2,Y3,0.0,0.0,50853.2,0.0,-64853684.0,0.0,0.0,0.0,50853.2,0.0,64853684.0,0.0,117643485.9
G+P,3FL,X6,Y2,Y3,0.0,0.0,50901.6,0.0,-64915392.4,0.0,0.0,0.0,50901.6,0.0,64915392.4,0.0,117755338.9
G+P,2FL,X6,Y2,Y3,0.0,0.0,50853.2,0.0,-64853684.0,0.0,0.0,0.0,50853.2,0.0,64853684.0,0.0,117643485.9

